year,st,gen_pos
1980,AK,80.3921568627
1980,AL,9.80392156863
1980,AR,33.3333333333
1980,AZ,1.96078431373
1980,CA,74.5098039216
1980,CO,58.8235294118
1980,CT,90.1960784314
1980,DC,88.2352941176
1980,DE,50.9803921569
1980,FL,3.92156862745
1980,GA,49.0196078431
1980,HI,86.2745098039
1980,IA,60.7843137255
1980,ID,11.7647058824
1980,IL,68.6274509804
1980,IN,45.0980392157
1980,KS,64.7058823529
1980,KY,23.5294117647
1980,LA,27.4509803922
1980,MA,100.0
1980,MD,82.3529411765
1980,ME,66.6666666667
1980,MI,72.5490196078
1980,MN,94.1176470588
1980,MO,37.2549019608
1980,MS,13.7254901961
1980,MT,47.0588235294
1980,NC,25.4901960784
1980,ND,29.4117647059
1980,NE,39.2156862745
1980,NH,84.3137254902
1980,NJ,76.4705882353
1980,NM,5.88235294118
1980,NV,52.9411764706
1980,NY,98.0392156863
1980,OH,62.7450980392
1980,OK,56.862745098
1980,OR,43.137254902
1980,PA,78.431372549
1980,RI,92.1568627451
1980,SC,31.3725490196
1980,SD,19.6078431373
1980,TN,17.6470588235
1980,TX,21.568627451
1980,UT,35.2941176471
1980,VA,41.1764705882
1980,VT,70.5882352941
1980,WA,54.9019607843
1980,WI,96.0784313725
1980,WV,15.6862745098
1980,WY,7.8431372549
1981,AK,84.3137254902
1981,AL,5.88235294118
1981,AR,27.4509803922
1981,AZ,1.96078431373
1981,CA,82.3529411765
1981,CO,54.9019607843
1981,CT,90.1960784314
1981,DC,88.2352941176
1981,DE,52.9411764706
1981,FL,3.92156862745
1981,GA,41.1764705882
1981,HI,70.5882352941
1981,IA,50.9803921569
1981,ID,9.80392156863
1981,IL,68.6274509804
1981,IN,45.0980392157
1981,KS,62.7450980392
1981,KY,31.3725490196
1981,LA,17.6470588235
1981,MA,100.0
1981,MD,72.5490196078
1981,ME,66.6666666667
1981,MI,80.3921568627
1981,MN,92.1568627451
1981,MO,39.2156862745
1981,MS,15.6862745098
1981,MT,56.862745098
1981,NC,25.4901960784
1981,ND,49.0196078431
1981,NE,35.2941176471
1981,NH,86.2745098039
1981,NJ,78.431372549
1981,NM,11.7647058824
1981,NV,47.0588235294
1981,NY,96.0784313725
1981,OH,58.8235294118
1981,OK,60.7843137255
1981,OR,37.2549019608
1981,PA,74.5098039216
1981,RI,94.1176470588
1981,SC,23.5294117647
1981,SD,33.3333333333
1981,TN,19.6078431373
1981,TX,29.4117647059
1981,UT,21.568627451
1981,VA,43.137254902
1981,VT,76.4705882353
1981,WA,64.7058823529
1981,WI,98.0392156863
1981,WV,7.8431372549
1981,WY,13.7254901961
1982,AK,62.7450980392
1982,AL,19.6078431373
1982,AR,27.4509803922
1982,AZ,1.96078431373
1982,CA,82.3529411765
1982,CO,39.2156862745
1982,CT,94.1176470588
1982,DC,92.1568627451
1982,DE,58.8235294118
1982,FL,11.7647058824
1982,GA,29.4117647059
1982,HI,68.6274509804
1982,IA,52.9411764706
1982,ID,17.6470588235
1982,IL,76.4705882353
1982,IN,50.9803921569
1982,KS,66.6666666667
1982,KY,41.1764705882
1982,LA,33.3333333333
1982,MA,98.0392156863
1982,MD,72.5490196078
1982,ME,84.3137254902
1982,MI,64.7058823529
1982,MN,88.2352941176
1982,MO,35.2941176471
1982,MS,23.5294117647
1982,MT,45.0980392157
1982,NC,15.6862745098
1982,ND,54.9019607843
1982,NE,37.2549019608
1982,NH,60.7843137255
1982,NJ,78.431372549
1982,NM,5.88235294118
1982,NV,70.5882352941
1982,NY,100.0
1982,OH,74.5098039216
1982,OK,56.862745098
1982,OR,31.3725490196
1982,PA,80.3921568627
1982,RI,90.1960784314
1982,SC,13.7254901961
1982,SD,43.137254902
1982,TN,9.80392156863
1982,TX,25.4901960784
1982,UT,21.568627451
1982,VA,47.0588235294
1982,VT,86.2745098039
1982,WA,49.0196078431
1982,WI,96.0784313725
1982,WV,3.92156862745
1982,WY,7.8431372549
1983,AK,62.7450980392
1983,AL,9.80392156863
1983,AR,41.1764705882
1983,AZ,1.96078431373
1983,CA,66.6666666667
1983,CO,47.0588235294
1983,CT,94.1176470588
1983,DC,96.0784313725
1983,DE,78.431372549
1983,FL,15.6862745098
1983,GA,27.4509803922
1983,HI,76.4705882353
1983,IA,45.0980392157
1983,ID,7.8431372549
1983,IL,60.7843137255
1983,IN,43.137254902
1983,KS,50.9803921569
1983,KY,33.3333333333
1983,LA,39.2156862745
1983,MA,100.0
1983,MD,86.2745098039
1983,ME,84.3137254902
1983,MI,74.5098039216
1983,MN,90.1960784314
1983,MO,29.4117647059
1983,MS,17.6470588235
1983,MT,54.9019607843
1983,NC,31.3725490196
1983,ND,58.8235294118
1983,NE,35.2941176471
1983,NH,82.3529411765
1983,NJ,80.3921568627
1983,NM,5.88235294118
1983,NV,56.862745098
1983,NY,98.0392156863
1983,OH,72.5490196078
1983,OK,49.0196078431
1983,OR,21.568627451
1983,PA,68.6274509804
1983,RI,88.2352941176
1983,SC,13.7254901961
1983,SD,37.2549019608
1983,TN,19.6078431373
1983,TX,23.5294117647
1983,UT,25.4901960784
1983,VA,52.9411764706
1983,VT,70.5882352941
1983,WA,64.7058823529
1983,WI,92.1568627451
1983,WV,3.92156862745
1983,WY,11.7647058824
1984,AK,74.5098039216
1984,AL,15.6862745098
1984,AR,21.568627451
1984,AZ,1.96078431373
1984,CA,64.7058823529
1984,CO,62.7450980392
1984,CT,98.0392156863
1984,DC,92.1568627451
1984,DE,70.5882352941
1984,FL,13.7254901961
1984,GA,25.4901960784
1984,HI,80.3921568627
1984,IA,43.137254902
1984,ID,3.92156862745
1984,IL,60.7843137255
1984,IN,50.9803921569
1984,KS,49.0196078431
1984,KY,39.2156862745
1984,LA,41.1764705882
1984,MA,100.0
1984,MD,88.2352941176
1984,ME,82.3529411765
1984,MI,68.6274509804
1984,MN,96.0784313725
1984,MO,33.3333333333
1984,MS,9.80392156863
1984,MT,56.862745098
1984,NC,31.3725490196
1984,ND,58.8235294118
1984,NE,35.2941176471
1984,NH,86.2745098039
1984,NJ,84.3137254902
1984,NM,7.8431372549
1984,NV,23.5294117647
1984,NY,94.1176470588
1984,OH,72.5490196078
1984,OK,52.9411764706
1984,OR,29.4117647059
1984,PA,54.9019607843
1984,RI,90.1960784314
1984,SC,17.6470588235
1984,SD,45.0980392157
1984,TN,27.4509803922
1984,TX,19.6078431373
1984,UT,37.2549019608
1984,VA,47.0588235294
1984,VT,76.4705882353
1984,WA,66.6666666667
1984,WI,78.431372549
1984,WV,5.88235294118
1984,WY,11.7647058824
1985,AK,76.4705882353
1985,AL,13.7254901961
1985,AR,21.568627451
1985,AZ,1.96078431373
1985,CA,62.7450980392
1985,CO,50.9803921569
1985,CT,94.1176470588
1985,DC,92.1568627451
1985,DE,56.862745098
1985,FL,19.6078431373
1985,GA,29.4117647059
1985,HI,70.5882352941
1985,IA,27.4509803922
1985,ID,7.8431372549
1985,IL,52.9411764706
1985,IN,66.6666666667
1985,KS,43.137254902
1985,KY,35.2941176471
1985,LA,54.9019607843
1985,MA,98.0392156863
1985,MD,78.431372549
1985,ME,84.3137254902
1985,MI,68.6274509804
1985,MN,88.2352941176
1985,MO,41.1764705882
1985,MS,5.88235294118
1985,MT,33.3333333333
1985,NC,37.2549019608
1985,ND,60.7843137255
1985,NE,25.4901960784
1985,NH,90.1960784314
1985,NJ,80.3921568627
1985,NM,15.6862745098
1985,NV,9.80392156863
1985,NY,96.0784313725
1985,OH,72.5490196078
1985,OK,49.0196078431
1985,OR,47.0588235294
1985,PA,74.5098039216
1985,RI,100.0
1985,SC,31.3725490196
1985,SD,39.2156862745
1985,TN,23.5294117647
1985,TX,17.6470588235
1985,UT,45.0980392157
1985,VA,58.8235294118
1985,VT,82.3529411765
1985,WA,64.7058823529
1985,WI,86.2745098039
1985,WV,3.92156862745
1985,WY,11.7647058824
1986,AK,70.5882352941
1986,AL,3.92156862745
1986,AR,23.5294117647
1986,AZ,1.96078431373
1986,CA,64.7058823529
1986,CO,21.568627451
1986,CT,98.0392156863
1986,DC,100.0
1986,DE,54.9019607843
1986,FL,19.6078431373
1986,GA,45.0980392157
1986,HI,62.7450980392
1986,IA,49.0196078431
1986,ID,5.88235294118
1986,IL,56.862745098
1986,IN,66.6666666667
1986,KS,50.9803921569
1986,KY,41.1764705882
1986,LA,29.4117647059
1986,MA,90.1960784314
1986,MD,78.431372549
1986,ME,88.2352941176
1986,MI,68.6274509804
1986,MN,84.3137254902
1986,MO,25.4901960784
1986,MS,9.80392156863
1986,MT,43.137254902
1986,NC,33.3333333333
1986,ND,82.3529411765
1986,NE,35.2941176471
1986,NH,96.0784313725
1986,NJ,80.3921568627
1986,NM,11.7647058824
1986,NV,47.0588235294
1986,NY,94.1176470588
1986,OH,72.5490196078
1986,OK,52.9411764706
1986,OR,27.4509803922
1986,PA,76.4705882353
1986,RI,92.1568627451
1986,SC,17.6470588235
1986,SD,37.2549019608
1986,TN,39.2156862745
1986,TX,13.7254901961
1986,UT,31.3725490196
1986,VA,58.8235294118
1986,VT,74.5098039216
1986,WA,60.7843137255
1986,WI,86.2745098039
1986,WV,15.6862745098
1986,WY,7.8431372549
1987,AK,64.7058823529
1987,AL,3.92156862745
1987,AR,15.6862745098
1987,AZ,1.96078431373
1987,CA,58.8235294118
1987,CO,41.1764705882
1987,CT,96.0784313725
1987,DC,100.0
1987,DE,80.3921568627
1987,FL,23.5294117647
1987,GA,45.0980392157
1987,HI,62.7450980392
1987,IA,39.2156862745
1987,ID,9.80392156863
1987,IL,47.0588235294
1987,IN,60.7843137255
1987,KS,56.862745098
1987,KY,37.2549019608
1987,LA,19.6078431373
1987,MA,94.1176470588
1987,MD,74.5098039216
1987,ME,78.431372549
1987,MI,68.6274509804
1987,MN,82.3529411765
1987,MO,29.4117647059
1987,MS,7.8431372549
1987,MT,31.3725490196
1987,NC,35.2941176471
1987,ND,86.2745098039
1987,NE,52.9411764706
1987,NH,90.1960784314
1987,NJ,84.3137254902
1987,NM,13.7254901961
1987,NV,21.568627451
1987,NY,92.1568627451
1987,OH,66.6666666667
1987,OK,33.3333333333
1987,OR,17.6470588235
1987,PA,72.5490196078
1987,RI,98.0392156863
1987,SC,25.4901960784
1987,SD,43.137254902
1987,TN,50.9803921569
1987,TX,11.7647058824
1987,UT,49.0196078431
1987,VA,54.9019607843
1987,VT,76.4705882353
1987,WA,70.5882352941
1987,WI,88.2352941176
1987,WV,5.88235294118
1987,WY,27.4509803922
1988,AK,72.5490196078
1988,AL,3.92156862745
1988,AR,11.7647058824
1988,AZ,1.96078431373
1988,CA,56.862745098
1988,CO,25.4901960784
1988,CT,100.0
1988,DC,98.0392156863
1988,DE,62.7450980392
1988,FL,17.6470588235
1988,GA,45.0980392157
1988,HI,52.9411764706
1988,IA,66.6666666667
1988,ID,19.6078431373
1988,IL,49.0196078431
1988,IN,68.6274509804
1988,KS,58.8235294118
1988,KY,31.3725490196
1988,LA,21.568627451
1988,MA,96.0784313725
1988,MD,74.5098039216
1988,ME,76.4705882353
1988,MI,60.7843137255
1988,MN,82.3529411765
1988,MO,27.4509803922
1988,MS,5.88235294118
1988,MT,47.0588235294
1988,NC,43.137254902
1988,ND,78.431372549
1988,NE,54.9019607843
1988,NH,84.3137254902
1988,NJ,92.1568627451
1988,NM,9.80392156863
1988,NV,23.5294117647
1988,NY,94.1176470588
1988,OH,64.7058823529
1988,OK,33.3333333333
1988,OR,50.9803921569
1988,PA,70.5882352941
1988,RI,90.1960784314
1988,SC,13.7254901961
1988,SD,41.1764705882
1988,TN,35.2941176471
1988,TX,7.8431372549
1988,UT,39.2156862745
1988,VA,37.2549019608
1988,VT,86.2745098039
1988,WA,80.3921568627
1988,WI,88.2352941176
1988,WV,15.6862745098
1988,WY,29.4117647059
1989,AK,80.3921568627
1989,AL,1.96078431373
1989,AR,21.568627451
1989,AZ,7.8431372549
1989,CA,54.9019607843
1989,CO,23.5294117647
1989,CT,100.0
1989,DC,92.1568627451
1989,DE,62.7450980392
1989,FL,25.4901960784
1989,GA,41.1764705882
1989,HI,49.0196078431
1989,IA,66.6666666667
1989,ID,13.7254901961
1989,IL,45.0980392157
1989,IN,60.7843137255
1989,KS,50.9803921569
1989,KY,47.0588235294
1989,LA,19.6078431373
1989,MA,96.0784313725
1989,MD,76.4705882353
1989,ME,84.3137254902
1989,MI,64.7058823529
1989,MN,82.3529411765
1989,MO,29.4117647059
1989,MS,9.80392156863
1989,MT,39.2156862745
1989,NC,56.862745098
1989,ND,70.5882352941
1989,NE,35.2941176471
1989,NH,74.5098039216
1989,NJ,88.2352941176
1989,NM,5.88235294118
1989,NV,11.7647058824
1989,NY,94.1176470588
1989,OH,78.431372549
1989,OK,43.137254902
1989,OR,37.2549019608
1989,PA,68.6274509804
1989,RI,98.0392156863
1989,SC,15.6862745098
1989,SD,58.8235294118
1989,TN,31.3725490196
1989,TX,3.92156862745
1989,UT,52.9411764706
1989,VA,27.4509803922
1989,VT,86.2745098039
1989,WA,72.5490196078
1989,WI,90.1960784314
1989,WV,33.3333333333
1989,WY,17.6470588235
1990,AK,78.431372549
1990,AL,9.80392156863
1990,AR,17.6470588235
1990,AZ,7.8431372549
1990,CA,41.1764705882
1990,CO,13.7254901961
1990,CT,100.0
1990,DC,92.1568627451
1990,DE,76.4705882353
1990,FL,23.5294117647
1990,GA,37.2549019608
1990,HI,43.137254902
1990,IA,66.6666666667
1990,ID,5.88235294118
1990,IL,25.4901960784
1990,IN,62.7450980392
1990,KS,52.9411764706
1990,KY,39.2156862745
1990,LA,35.2941176471
1990,MA,96.0784313725
1990,MD,70.5882352941
1990,ME,80.3921568627
1990,MI,54.9019607843
1990,MN,82.3529411765
1990,MO,21.568627451
1990,MS,1.96078431373
1990,MT,27.4509803922
1990,NC,50.9803921569
1990,ND,68.6274509804
1990,NE,56.862745098
1990,NH,90.1960784314
1990,NJ,86.2745098039
1990,NM,3.92156862745
1990,NV,19.6078431373
1990,NY,94.1176470588
1990,OH,74.5098039216
1990,OK,33.3333333333
1990,OR,60.7843137255
1990,PA,64.7058823529
1990,RI,98.0392156863
1990,SC,45.0980392157
1990,SD,49.0196078431
1990,TN,47.0588235294
1990,TX,11.7647058824
1990,UT,58.8235294118
1990,VA,31.3725490196
1990,VT,72.5490196078
1990,WA,84.3137254902
1990,WI,88.2352941176
1990,WV,15.6862745098
1990,WY,29.4117647059
1991,AK,68.6274509804
1991,AL,5.88235294118
1991,AR,27.4509803922
1991,AZ,7.8431372549
1991,CA,23.5294117647
1991,CO,49.0196078431
1991,CT,90.1960784314
1991,DC,92.1568627451
1991,DE,78.431372549
1991,FL,19.6078431373
1991,GA,37.2549019608
1991,HI,66.6666666667
1991,IA,70.5882352941
1991,ID,11.7647058824
1991,IL,21.568627451
1991,IN,41.1764705882
1991,KS,33.3333333333
1991,KY,50.9803921569
1991,LA,62.7450980392
1991,MA,96.0784313725
1991,MD,80.3921568627
1991,ME,84.3137254902
1991,MI,72.5490196078
1991,MN,74.5098039216
1991,MO,64.7058823529
1991,MS,3.92156862745
1991,MT,29.4117647059
1991,NC,45.0980392157
1991,ND,52.9411764706
1991,NE,54.9019607843
1991,NH,100.0
1991,NJ,88.2352941176
1991,NM,1.96078431373
1991,NV,13.7254901961
1991,NY,94.1176470588
1991,OH,56.862745098
1991,OK,17.6470588235
1991,OR,25.4901960784
1991,PA,86.2745098039
1991,RI,98.0392156863
1991,SC,47.0588235294
1991,SD,39.2156862745
1991,TN,58.8235294118
1991,TX,9.80392156863
1991,UT,15.6862745098
1991,VA,35.2941176471
1991,VT,60.7843137255
1991,WA,76.4705882353
1991,WI,82.3529411765
1991,WV,43.137254902
1991,WY,31.3725490196
1992,AK,70.5882352941
1992,AL,19.6078431373
1992,AR,21.568627451
1992,AZ,9.80392156863
1992,CA,31.3725490196
1992,CO,49.0196078431
1992,CT,98.0392156863
1992,DC,88.2352941176
1992,DE,84.3137254902
1992,FL,11.7647058824
1992,GA,17.6470588235
1992,HI,37.2549019608
1992,IA,54.9019607843
1992,ID,5.88235294118
1992,IL,41.1764705882
1992,IN,80.3921568627
1992,KS,60.7843137255
1992,KY,47.0588235294
1992,LA,50.9803921569
1992,MA,96.0784313725
1992,MD,64.7058823529
1992,ME,86.2745098039
1992,MI,62.7450980392
1992,MN,72.5490196078
1992,MO,35.2941176471
1992,MS,3.92156862745
1992,MT,29.4117647059
1992,NC,25.4901960784
1992,ND,66.6666666667
1992,NE,56.862745098
1992,NH,100.0
1992,NJ,90.1960784314
1992,NM,1.96078431373
1992,NV,13.7254901961
1992,NY,94.1176470588
1992,OH,68.6274509804
1992,OK,7.8431372549
1992,OR,33.3333333333
1992,PA,78.431372549
1992,RI,92.1568627451
1992,SC,23.5294117647
1992,SD,27.4509803922
1992,TN,58.8235294118
1992,TX,15.6862745098
1992,UT,45.0980392157
1992,VA,52.9411764706
1992,VT,82.3529411765
1992,WA,76.4705882353
1992,WI,74.5098039216
1992,WV,39.2156862745
1992,WY,43.137254902
1993,AK,92.1568627451
1993,AL,15.6862745098
1993,AR,11.7647058824
1993,AZ,17.6470588235
1993,CA,21.568627451
1993,CO,49.0196078431
1993,CT,98.0392156863
1993,DC,86.2745098039
1993,DE,64.7058823529
1993,FL,7.8431372549
1993,GA,50.9803921569
1993,HI,80.3921568627
1993,IA,60.7843137255
1993,ID,5.88235294118
1993,IL,47.0588235294
1993,IN,74.5098039216
1993,KS,41.1764705882
1993,KY,23.5294117647
1993,LA,52.9411764706
1993,MA,94.1176470588
1993,MD,76.4705882353
1993,ME,82.3529411765
1993,MI,54.9019607843
1993,MN,84.3137254902
1993,MO,37.2549019608
1993,MS,3.92156862745
1993,MT,29.4117647059
1993,NC,58.8235294118
1993,ND,72.5490196078
1993,NE,62.7450980392
1993,NH,88.2352941176
1993,NJ,90.1960784314
1993,NM,9.80392156863
1993,NV,43.137254902
1993,NY,96.0784313725
1993,OH,66.6666666667
1993,OK,1.96078431373
1993,OR,33.3333333333
1993,PA,70.5882352941
1993,RI,100.0
1993,SC,27.4509803922
1993,SD,31.3725490196
1993,TN,35.2941176471
1993,TX,19.6078431373
1993,UT,25.4901960784
1993,VA,39.2156862745
1993,VT,78.431372549
1993,WA,68.6274509804
1993,WI,56.862745098
1993,WV,45.0980392157
1993,WY,13.7254901961
1994,AK,76.4705882353
1994,AL,13.7254901961
1994,AR,29.4117647059
1994,AZ,9.80392156863
1994,CA,11.7647058824
1994,CO,45.0980392157
1994,CT,92.1568627451
1994,DC,84.3137254902
1994,DE,82.3529411765
1994,FL,19.6078431373
1994,GA,41.1764705882
1994,HI,80.3921568627
1994,IA,58.8235294118
1994,ID,7.8431372549
1994,IL,52.9411764706
1994,IN,43.137254902
1994,KS,15.6862745098
1994,KY,25.4901960784
1994,LA,62.7450980392
1994,MA,98.0392156863
1994,MD,68.6274509804
1994,ME,94.1176470588
1994,MI,39.2156862745
1994,MN,74.5098039216
1994,MO,35.2941176471
1994,MS,21.568627451
1994,MT,47.0588235294
1994,NC,31.3725490196
1994,ND,70.5882352941
1994,NE,66.6666666667
1994,NH,100.0
1994,NJ,86.2745098039
1994,NM,1.96078431373
1994,NV,17.6470588235
1994,NY,90.1960784314
1994,OH,50.9803921569
1994,OK,3.92156862745
1994,OR,33.3333333333
1994,PA,72.5490196078
1994,RI,96.0784313725
1994,SC,60.7843137255
1994,SD,27.4509803922
1994,TN,49.0196078431
1994,TX,5.88235294118
1994,UT,37.2549019608
1994,VA,23.5294117647
1994,VT,88.2352941176
1994,WA,64.7058823529
1994,WI,78.431372549
1994,WV,56.862745098
1994,WY,54.9019607843
1995,AK,86.2745098039
1995,AL,7.8431372549
1995,AR,31.3725490196
1995,AZ,9.80392156863
1995,CA,21.568627451
1995,CO,70.5882352941
1995,CT,96.0784313725
1995,DC,74.5098039216
1995,DE,68.6274509804
1995,FL,13.7254901961
1995,GA,45.0980392157
1995,HI,82.3529411765
1995,IA,33.3333333333
1995,ID,5.88235294118
1995,IL,54.9019607843
1995,IN,58.8235294118
1995,KS,37.2549019608
1995,KY,39.2156862745
1995,LA,62.7450980392
1995,MA,92.1568627451
1995,MD,64.7058823529
1995,ME,88.2352941176
1995,MI,47.0588235294
1995,MN,84.3137254902
1995,MO,80.3921568627
1995,MS,11.7647058824
1995,MT,23.5294117647
1995,NC,60.7843137255
1995,ND,43.137254902
1995,NE,49.0196078431
1995,NH,100.0
1995,NJ,98.0392156863
1995,NM,1.96078431373
1995,NV,19.6078431373
1995,NY,90.1960784314
1995,OH,72.5490196078
1995,OK,3.92156862745
1995,OR,52.9411764706
1995,PA,66.6666666667
1995,RI,94.1176470588
1995,SC,15.6862745098
1995,SD,27.4509803922
1995,TN,41.1764705882
1995,TX,17.6470588235
1995,UT,35.2941176471
1995,VA,29.4117647059
1995,VT,78.431372549
1995,WA,56.862745098
1995,WI,76.4705882353
1995,WV,50.9803921569
1995,WY,25.4901960784
1996,AK,84.3137254902
1996,AL,33.3333333333
1996,AR,11.7647058824
1996,AZ,1.96078431373
1996,CA,17.6470588235
1996,CO,31.3725490196
1996,CT,90.1960784314
1996,DC,78.431372549
1996,DE,86.2745098039
1996,FL,21.568627451
1996,GA,27.4509803922
1996,HI,56.862745098
1996,IA,58.8235294118
1996,ID,13.7254901961
1996,IL,54.9019607843
1996,IN,82.3529411765
1996,KS,23.5294117647
1996,KY,29.4117647059
1996,LA,41.1764705882
1996,MA,98.0392156863
1996,MD,70.5882352941
1996,ME,94.1176470588
1996,MI,68.6274509804
1996,MN,80.3921568627
1996,MO,76.4705882353
1996,MS,15.6862745098
1996,MT,7.8431372549
1996,NC,66.6666666667
1996,ND,60.7843137255
1996,NE,49.0196078431
1996,NH,100.0
1996,NJ,88.2352941176
1996,NM,3.92156862745
1996,NV,35.2941176471
1996,NY,96.0784313725
1996,OH,52.9411764706
1996,OK,5.88235294118
1996,OR,43.137254902
1996,PA,74.5098039216
1996,RI,92.1568627451
1996,SC,50.9803921569
1996,SD,45.0980392157
1996,TN,39.2156862745
1996,TX,19.6078431373
1996,UT,47.0588235294
1996,VA,9.80392156863
1996,VT,64.7058823529
1996,WA,62.7450980392
1996,WI,72.5490196078
1996,WV,37.2549019608
1996,WY,25.4901960784
1997,AK,82.3529411765
1997,AL,29.4117647059
1997,AR,9.80392156863
1997,AZ,1.96078431373
1997,CA,23.5294117647
1997,CO,56.862745098
1997,CT,100.0
1997,DC,92.1568627451
1997,DE,70.5882352941
1997,FL,21.568627451
1997,GA,25.4901960784
1997,HI,33.3333333333
1997,IA,50.9803921569
1997,ID,3.92156862745
1997,IL,60.7843137255
1997,IN,58.8235294118
1997,KS,41.1764705882
1997,KY,43.137254902
1997,LA,47.0588235294
1997,MA,86.2745098039
1997,MD,80.3921568627
1997,ME,98.0392156863
1997,MI,68.6274509804
1997,MN,72.5490196078
1997,MO,62.7450980392
1997,MS,37.2549019608
1997,MT,15.6862745098
1997,NC,64.7058823529
1997,ND,35.2941176471
1997,NE,54.9019607843
1997,NH,84.3137254902
1997,NJ,90.1960784314
1997,NM,5.88235294118
1997,NV,7.8431372549
1997,NY,96.0784313725
1997,OH,66.6666666667
1997,OK,11.7647058824
1997,OR,39.2156862745
1997,PA,76.4705882353
1997,RI,94.1176470588
1997,SC,45.0980392157
1997,SD,17.6470588235
1997,TN,52.9411764706
1997,TX,19.6078431373
1997,UT,31.3725490196
1997,VA,13.7254901961
1997,VT,88.2352941176
1997,WA,74.5098039216
1997,WI,78.431372549
1997,WV,49.0196078431
1997,WY,27.4509803922
1998,AK,72.5490196078
1998,AL,31.3725490196
1998,AR,29.4117647059
1998,AZ,1.96078431373
1998,CA,27.4509803922
1998,CO,49.0196078431
1998,CT,98.0392156863
1998,DC,88.2352941176
1998,DE,58.8235294118
1998,FL,15.6862745098
1998,GA,17.6470588235
1998,HI,50.9803921569
1998,IA,62.7450980392
1998,ID,3.92156862745
1998,IL,64.7058823529
1998,IN,54.9019607843
1998,KS,45.0980392157
1998,KY,56.862745098
1998,LA,33.3333333333
1998,MA,100.0
1998,MD,86.2745098039
1998,ME,92.1568627451
1998,MI,60.7843137255
1998,MN,70.5882352941
1998,MO,76.4705882353
1998,MS,21.568627451
1998,MT,5.88235294118
1998,NC,47.0588235294
1998,ND,23.5294117647
1998,NE,39.2156862745
1998,NH,78.431372549
1998,NJ,90.1960784314
1998,NM,9.80392156863
1998,NV,7.8431372549
1998,NY,96.0784313725
1998,OH,68.6274509804
1998,OK,11.7647058824
1998,OR,19.6078431373
1998,PA,80.3921568627
1998,RI,94.1176470588
1998,SC,41.1764705882
1998,SD,52.9411764706
1998,TN,66.6666666667
1998,TX,13.7254901961
1998,UT,25.4901960784
1998,VA,37.2549019608
1998,VT,84.3137254902
1998,WA,82.3529411765
1998,WI,74.5098039216
1998,WV,43.137254902
1998,WY,35.2941176471
1999,AK,84.3137254902
1999,AL,21.568627451
1999,AR,23.5294117647
1999,AZ,9.80392156863
1999,CA,33.3333333333
1999,CO,45.0980392157
1999,CT,100.0
1999,DC,98.0392156863
1999,DE,56.862745098
1999,FL,15.6862745098
1999,GA,19.6078431373
1999,HI,35.2941176471
1999,IA,70.5882352941
1999,ID,7.8431372549
1999,IL,49.0196078431
1999,IN,74.5098039216
1999,KS,25.4901960784
1999,KY,58.8235294118
1999,LA,27.4509803922
1999,MA,76.4705882353
1999,MD,78.431372549
1999,ME,86.2745098039
1999,MI,66.6666666667
1999,MN,90.1960784314
1999,MO,54.9019607843
1999,MS,29.4117647059
1999,MT,3.92156862745
1999,NC,39.2156862745
1999,ND,31.3725490196
1999,NE,50.9803921569
1999,NH,82.3529411765
1999,NJ,92.1568627451
1999,NM,5.88235294118
1999,NV,1.96078431373
1999,NY,96.0784313725
1999,OH,47.0588235294
1999,OK,13.7254901961
1999,OR,37.2549019608
1999,PA,88.2352941176
1999,RI,94.1176470588
1999,SC,52.9411764706
1999,SD,72.5490196078
1999,TN,64.7058823529
1999,TX,11.7647058824
1999,UT,62.7450980392
1999,VA,41.1764705882
1999,VT,80.3921568627
1999,WA,68.6274509804
1999,WI,60.7843137255
1999,WV,43.137254902
1999,WY,17.6470588235
2000,AK,90.1960784314
2000,AL,27.4509803922
2000,AR,11.7647058824
2000,AZ,13.7254901961
2000,CA,35.2941176471
2000,CO,23.5294117647
2000,CT,98.0392156863
2000,DC,82.3529411765
2000,DE,74.5098039216
2000,FL,19.6078431373
2000,GA,21.568627451
2000,HI,47.0588235294
2000,IA,66.6666666667
2000,ID,9.80392156863
2000,IL,45.0980392157
2000,IN,64.7058823529
2000,KS,60.7843137255
2000,KY,50.9803921569
2000,LA,25.4901960784
2000,MA,88.2352941176
2000,MD,76.4705882353
2000,ME,80.3921568627
2000,MI,68.6274509804
2000,MN,96.0784313725
2000,MO,72.5490196078
2000,MS,31.3725490196
2000,MT,7.8431372549
2000,NC,41.1764705882
2000,ND,56.862745098
2000,NE,70.5882352941
2000,NH,100.0
2000,NJ,84.3137254902
2000,NM,15.6862745098
2000,NV,5.88235294118
2000,NY,94.1176470588
2000,OH,62.7450980392
2000,OK,3.92156862745
2000,OR,43.137254902
2000,PA,86.2745098039
2000,RI,92.1568627451
2000,SC,49.0196078431
2000,SD,37.2549019608
2000,TN,54.9019607843
2000,TX,1.96078431373
2000,UT,33.3333333333
2000,VA,29.4117647059
2000,VT,78.431372549
2000,WA,52.9411764706
2000,WI,58.8235294118
2000,WV,39.2156862745
2000,WY,17.6470588235
2001,AK,92.1568627451
2001,AL,13.7254901961
2001,AR,7.8431372549
2001,AZ,1.96078431373
2001,CA,37.2549019608
2001,CO,39.2156862745
2001,CT,100.0
2001,DC,78.431372549
2001,DE,90.1960784314
2001,FL,15.6862745098
2001,GA,29.4117647059
2001,HI,21.568627451
2001,IA,68.6274509804
2001,ID,25.4901960784
2001,IL,47.0588235294
2001,IN,66.6666666667
2001,KS,49.0196078431
2001,KY,52.9411764706
2001,LA,43.137254902
2001,MA,94.1176470588
2001,MD,70.5882352941
2001,ME,80.3921568627
2001,MI,64.7058823529
2001,MN,84.3137254902
2001,MO,72.5490196078
2001,MS,23.5294117647
2001,MT,11.7647058824
2001,NC,45.0980392157
2001,ND,27.4509803922
2001,NE,60.7843137255
2001,NH,88.2352941176
2001,NJ,86.2745098039
2001,NM,17.6470588235
2001,NV,19.6078431373
2001,NY,96.0784313725
2001,OH,58.8235294118
2001,OK,9.80392156863
2001,OR,50.9803921569
2001,PA,74.5098039216
2001,RI,98.0392156863
2001,SC,31.3725490196
2001,SD,62.7450980392
2001,TN,56.862745098
2001,TX,5.88235294118
2001,UT,3.92156862745
2001,VA,35.2941176471
2001,VT,82.3529411765
2001,WA,54.9019607843
2001,WI,76.4705882353
2001,WV,33.3333333333
2001,WY,41.1764705882
2002,AK,94.1176470588
2002,AL,13.7254901961
2002,AR,1.96078431373
2002,AZ,17.6470588235
2002,CA,39.2156862745
2002,CO,23.5294117647
2002,CT,90.1960784314
2002,DC,80.3921568627
2002,DE,68.6274509804
2002,FL,15.6862745098
2002,GA,52.9411764706
2002,HI,21.568627451
2002,IA,76.4705882353
2002,ID,19.6078431373
2002,IL,31.3725490196
2002,IN,64.7058823529
2002,KS,58.8235294118
2002,KY,50.9803921569
2002,LA,45.0980392157
2002,MA,92.1568627451
2002,MD,74.5098039216
2002,ME,66.6666666667
2002,MI,49.0196078431
2002,MN,98.0392156863
2002,MO,78.431372549
2002,MS,33.3333333333
2002,MT,11.7647058824
2002,NC,37.2549019608
2002,ND,43.137254902
2002,NE,60.7843137255
2002,NH,100.0
2002,NJ,86.2745098039
2002,NM,25.4901960784
2002,NV,7.8431372549
2002,NY,96.0784313725
2002,OH,70.5882352941
2002,OK,9.80392156863
2002,OR,54.9019607843
2002,PA,82.3529411765
2002,RI,88.2352941176
2002,SC,35.2941176471
2002,SD,47.0588235294
2002,TN,56.862745098
2002,TX,3.92156862745
2002,UT,5.88235294118
2002,VA,27.4509803922
2002,VT,84.3137254902
2002,WA,62.7450980392
2002,WI,72.5490196078
2002,WV,29.4117647059
2002,WY,41.1764705882
2003,AK,98.0392156863
2003,AL,17.6470588235
2003,AR,9.80392156863
2003,AZ,25.4901960784
2003,CA,50.9803921569
2003,CO,29.4117647059
2003,CT,92.1568627451
2003,DC,80.3921568627
2003,DE,84.3137254902
2003,FL,13.7254901961
2003,GA,43.137254902
2003,HI,49.0196078431
2003,IA,66.6666666667
2003,ID,27.4509803922
2003,IL,23.5294117647
2003,IN,56.862745098
2003,KS,39.2156862745
2003,KY,41.1764705882
2003,LA,33.3333333333
2003,MA,82.3529411765
2003,MD,74.5098039216
2003,ME,86.2745098039
2003,MI,58.8235294118
2003,MN,94.1176470588
2003,MO,72.5490196078
2003,MS,45.0980392157
2003,MT,1.96078431373
2003,NC,19.6078431373
2003,ND,62.7450980392
2003,NE,64.7058823529
2003,NH,90.1960784314
2003,NJ,78.431372549
2003,NM,31.3725490196
2003,NV,3.92156862745
2003,NY,100.0
2003,OH,68.6274509804
2003,OK,15.6862745098
2003,OR,35.2941176471
2003,PA,76.4705882353
2003,RI,88.2352941176
2003,SC,52.9411764706
2003,SD,21.568627451
2003,TN,60.7843137255
2003,TX,5.88235294118
2003,UT,11.7647058824
2003,VA,7.8431372549
2003,VT,96.0784313725
2003,WA,47.0588235294
2003,WI,70.5882352941
2003,WV,37.2549019608
2003,WY,54.9019607843
2004,AK,94.1176470588
2004,AL,5.88235294118
2004,AR,27.4509803922
2004,AZ,23.5294117647
2004,CA,39.2156862745
2004,CO,17.6470588235
2004,CT,80.3921568627
2004,DC,84.3137254902
2004,DE,78.431372549
2004,FL,33.3333333333
2004,GA,35.2941176471
2004,HI,68.6274509804
2004,IA,54.9019607843
2004,ID,50.9803921569
2004,IL,43.137254902
2004,IN,49.0196078431
2004,KS,19.6078431373
2004,KY,15.6862745098
2004,LA,45.0980392157
2004,MA,92.1568627451
2004,MD,66.6666666667
2004,ME,86.2745098039
2004,MI,31.3725490196
2004,MN,96.0784313725
2004,MO,70.5882352941
2004,MS,25.4901960784
2004,MT,9.80392156863
2004,NC,37.2549019608
2004,ND,64.7058823529
2004,NE,74.5098039216
2004,NH,98.0392156863
2004,NJ,82.3529411765
2004,NM,52.9411764706
2004,NV,1.96078431373
2004,NY,90.1960784314
2004,OH,72.5490196078
2004,OK,47.0588235294
2004,OR,21.568627451
2004,PA,76.4705882353
2004,RI,88.2352941176
2004,SC,29.4117647059
2004,SD,11.7647058824
2004,TN,60.7843137255
2004,TX,3.92156862745
2004,UT,7.8431372549
2004,VA,13.7254901961
2004,VT,100.0
2004,WA,58.8235294118
2004,WI,41.1764705882
2004,WV,62.7450980392
2004,WY,56.862745098
2005,AK,94.1176470588
2005,AL,7.8431372549
2005,AR,50.9803921569
2005,AZ,21.568627451
2005,CA,43.137254902
2005,CO,9.80392156863
2005,CT,82.3529411765
2005,DC,76.4705882353
2005,DE,78.431372549
2005,FL,29.4117647059
2005,GA,13.7254901961
2005,HI,70.5882352941
2005,IA,47.0588235294
2005,ID,37.2549019608
2005,IL,54.9019607843
2005,IN,33.3333333333
2005,KS,17.6470588235
2005,KY,39.2156862745
2005,LA,41.1764705882
2005,MA,92.1568627451
2005,MD,72.5490196078
2005,ME,86.2745098039
2005,MI,49.0196078431
2005,MN,88.2352941176
2005,MO,74.5098039216
2005,MS,19.6078431373
2005,MT,11.7647058824
2005,NC,58.8235294118
2005,ND,45.0980392157
2005,NE,62.7450980392
2005,NH,98.0392156863
2005,NJ,84.3137254902
2005,NM,31.3725490196
2005,NV,1.96078431373
2005,NY,96.0784313725
2005,OH,60.7843137255
2005,OK,5.88235294118
2005,OR,23.5294117647
2005,PA,80.3921568627
2005,RI,90.1960784314
2005,SC,25.4901960784
2005,SD,35.2941176471
2005,TN,64.7058823529
2005,TX,3.92156862745
2005,UT,15.6862745098
2005,VA,27.4509803922
2005,VT,100.0
2005,WA,68.6274509804
2005,WI,66.6666666667
2005,WV,56.862745098
2005,WY,52.9411764706
2006,AK,98.0392156863
2006,AL,17.6470588235
2006,AR,13.7254901961
2006,AZ,35.2941176471
2006,CA,52.9411764706
2006,CO,21.568627451
2006,CT,90.1960784314
2006,DC,82.3529411765
2006,DE,78.431372549
2006,FL,19.6078431373
2006,GA,9.80392156863
2006,HI,68.6274509804
2006,IA,64.7058823529
2006,ID,43.137254902
2006,IL,50.9803921569
2006,IN,62.7450980392
2006,KS,15.6862745098
2006,KY,25.4901960784
2006,LA,29.4117647059
2006,MA,84.3137254902
2006,MD,72.5490196078
2006,ME,88.2352941176
2006,MI,27.4509803922
2006,MN,86.2745098039
2006,MO,70.5882352941
2006,MS,7.8431372549
2006,MT,11.7647058824
2006,NC,41.1764705882
2006,ND,39.2156862745
2006,NE,60.7843137255
2006,NH,92.1568627451
2006,NJ,80.3921568627
2006,NM,47.0588235294
2006,NV,3.92156862745
2006,NY,96.0784313725
2006,OH,66.6666666667
2006,OK,5.88235294118
2006,OR,31.3725490196
2006,PA,76.4705882353
2006,RI,94.1176470588
2006,SC,56.862745098
2006,SD,45.0980392157
2006,TN,33.3333333333
2006,TX,1.96078431373
2006,UT,23.5294117647
2006,VA,37.2549019608
2006,VT,100.0
2006,WA,74.5098039216
2006,WI,58.8235294118
2006,WV,49.0196078431
2006,WY,54.9019607843
2007,AK,100.0
2007,AL,19.6078431373
2007,AR,47.0588235294
2007,AZ,33.3333333333
2007,CA,43.137254902
2007,CO,17.6470588235
2007,CT,86.2745098039
2007,DC,84.3137254902
2007,DE,78.431372549
2007,FL,15.6862745098
2007,GA,9.80392156863
2007,HI,74.5098039216
2007,IA,66.6666666667
2007,ID,35.2941176471
2007,IL,70.5882352941
2007,IN,27.4509803922
2007,KS,25.4901960784
2007,KY,29.4117647059
2007,LA,45.0980392157
2007,MA,90.1960784314
2007,MD,72.5490196078
2007,ME,88.2352941176
2007,MI,56.862745098
2007,MN,82.3529411765
2007,MO,60.7843137255
2007,MS,3.92156862745
2007,MT,13.7254901961
2007,NC,23.5294117647
2007,ND,64.7058823529
2007,NE,58.8235294118
2007,NH,92.1568627451
2007,NJ,76.4705882353
2007,NM,68.6274509804
2007,NV,1.96078431373
2007,NY,94.1176470588
2007,OH,62.7450980392
2007,OK,31.3725490196
2007,OR,11.7647058824
2007,PA,80.3921568627
2007,RI,98.0392156863
2007,SC,21.568627451
2007,SD,52.9411764706
2007,TN,41.1764705882
2007,TX,5.88235294118
2007,UT,7.8431372549
2007,VA,37.2549019608
2007,VT,96.0784313725
2007,WA,54.9019607843
2007,WI,50.9803921569
2007,WV,49.0196078431
2007,WY,39.2156862745
2008,AK,96.0784313725
2008,AL,9.80392156863
2008,AR,47.0588235294
2008,AZ,17.6470588235
2008,CA,39.2156862745
2008,CO,7.8431372549
2008,CT,94.1176470588
2008,DC,90.1960784314
2008,DE,80.3921568627
2008,FL,11.7647058824
2008,GA,3.92156862745
2008,HI,70.5882352941
2008,IA,72.5490196078
2008,ID,23.5294117647
2008,IL,41.1764705882
2008,IN,29.4117647059
2008,KS,19.6078431373
2008,KY,21.568627451
2008,LA,43.137254902
2008,MA,92.1568627451
2008,MD,74.5098039216
2008,ME,88.2352941176
2008,MI,50.9803921569
2008,MN,84.3137254902
2008,MO,62.7450980392
2008,MS,37.2549019608
2008,MT,13.7254901961
2008,NC,45.0980392157
2008,ND,33.3333333333
2008,NE,58.8235294118
2008,NH,82.3529411765
2008,NJ,78.431372549
2008,NM,56.862745098
2008,NV,1.96078431373
2008,NY,98.0392156863
2008,OH,52.9411764706
2008,OK,31.3725490196
2008,OR,54.9019607843
2008,PA,76.4705882353
2008,RI,86.2745098039
2008,SC,25.4901960784
2008,SD,15.6862745098
2008,TN,49.0196078431
2008,TX,5.88235294118
2008,UT,35.2941176471
2008,VA,27.4509803922
2008,VT,100.0
2008,WA,66.6666666667
2008,WI,68.6274509804
2008,WV,60.7843137255
2008,WY,64.7058823529
2009,AK,86.2745098039
2009,AL,11.7647058824
2009,AR,25.4901960784
2009,AZ,21.568627451
2009,CA,41.1764705882
2009,CO,13.7254901961
2009,CT,98.0392156863
2009,DC,90.1960784314
2009,DE,74.5098039216
2009,FL,7.8431372549
2009,GA,3.92156862745
2009,HI,49.0196078431
2009,IA,62.7450980392
2009,ID,17.6470588235
2009,IL,47.0588235294
2009,IN,9.80392156863
2009,KS,27.4509803922
2009,KY,43.137254902
2009,LA,68.6274509804
2009,MA,96.0784313725
2009,MD,76.4705882353
2009,ME,94.1176470588
2009,MI,45.0980392157
2009,MN,82.3529411765
2009,MO,52.9411764706
2009,MS,19.6078431373
2009,MT,29.4117647059
2009,NC,33.3333333333
2009,ND,56.862745098
2009,NE,60.7843137255
2009,NH,84.3137254902
2009,NJ,78.431372549
2009,NM,66.6666666667
2009,NV,1.96078431373
2009,NY,92.1568627451
2009,OH,64.7058823529
2009,OK,50.9803921569
2009,OR,37.2549019608
2009,PA,80.3921568627
2009,RI,88.2352941176
2009,SC,39.2156862745
2009,SD,23.5294117647
2009,TN,35.2941176471
2009,TX,5.88235294118
2009,UT,15.6862745098
2009,VA,31.3725490196
2009,VT,100.0
2009,WA,54.9019607843
2009,WI,72.5490196078
2009,WV,58.8235294118
2009,WY,70.5882352941
2010,AK,88.2352941176
2010,AL,11.7647058824
2010,AR,62.7450980392
2010,AZ,43.137254902
2010,CA,31.3725490196
2010,CO,27.4509803922
2010,CT,98.0392156863
2010,DC,90.1960784314
2010,DE,78.431372549
2010,FL,7.8431372549
2010,GA,3.92156862745
2010,HI,54.9019607843
2010,IA,68.6274509804
2010,ID,17.6470588235
2010,IL,52.9411764706
2010,IN,5.88235294118
2010,KS,13.7254901961
2010,KY,37.2549019608
2010,LA,33.3333333333
2010,MA,96.0784313725
2010,MD,74.5098039216
2010,ME,86.2745098039
2010,MI,41.1764705882
2010,MN,82.3529411765
2010,MO,64.7058823529
2010,MS,19.6078431373
2010,MT,29.4117647059
2010,NC,21.568627451
2010,ND,50.9803921569
2010,NE,58.8235294118
2010,NH,92.1568627451
2010,NJ,72.5490196078
2010,NM,66.6666666667
2010,NV,1.96078431373
2010,NY,94.1176470588
2010,OH,56.862745098
2010,OK,25.4901960784
2010,OR,39.2156862745
2010,PA,80.3921568627
2010,RI,84.3137254902
2010,SC,23.5294117647
2010,SD,35.2941176471
2010,TN,47.0588235294
2010,TX,9.80392156863
2010,UT,15.6862745098
2010,VA,45.0980392157
2010,VT,100.0
2010,WA,60.7843137255
2010,WI,76.4705882353
2010,WV,49.0196078431
2010,WY,70.5882352941
2011,AK,90.1960784314
2011,AL,21.568627451
2011,AR,33.3333333333
2011,AZ,43.137254902
2011,CA,54.9019607843
2011,CO,23.5294117647
2011,CT,92.1568627451
2011,DC,96.0784313725
2011,DE,74.5098039216
2011,FL,15.6862745098
2011,GA,3.92156862745
2011,HI,68.6274509804
2011,IA,72.5490196078
2011,ID,11.7647058824
2011,IL,29.4117647059
2011,IN,19.6078431373
2011,KS,25.4901960784
2011,KY,49.0196078431
2011,LA,27.4509803922
2011,MA,100.0
2011,MD,84.3137254902
2011,ME,80.3921568627
2011,MI,47.0588235294
2011,MN,88.2352941176
2011,MO,56.862745098
2011,MS,58.8235294118
2011,MT,9.80392156863
2011,NC,31.3725490196
2011,ND,70.5882352941
2011,NE,62.7450980392
2011,NH,82.3529411765
2011,NJ,76.4705882353
2011,NM,35.2941176471
2011,NV,1.96078431373
2011,NY,94.1176470588
2011,OH,64.7058823529
2011,OK,39.2156862745
2011,OR,45.0980392157
2011,PA,78.431372549
2011,RI,86.2745098039
2011,SC,5.88235294118
2011,SD,17.6470588235
2011,TN,41.1764705882
2011,TX,13.7254901961
2011,UT,7.8431372549
2011,VA,37.2549019608
2011,VT,98.0392156863
2011,WA,50.9803921569
2011,WI,66.6666666667
2011,WV,52.9411764706
2011,WY,60.7843137255
2012,AK,98.0392156863
2012,AL,15.6862745098
2012,AR,25.4901960784
2012,AZ,13.7254901961
2012,CA,54.9019607843
2012,CO,39.2156862745
2012,CT,92.1568627451
2012,DC,96.0784313725
2012,DE,78.431372549
2012,FL,9.80392156863
2012,GA,3.92156862745
2012,HI,41.1764705882
2012,IA,74.5098039216
2012,ID,19.6078431373
2012,IL,50.9803921569
2012,IN,49.0196078431
2012,KS,17.6470588235
2012,KY,29.4117647059
2012,LA,35.2941176471
2012,MA,94.1176470588
2012,MD,82.3529411765
2012,ME,86.2745098039
2012,MI,58.8235294118
2012,MN,90.1960784314
2012,MO,68.6274509804
2012,MS,23.5294117647
2012,MT,37.2549019608
2012,NC,33.3333333333
2012,ND,66.6666666667
2012,NE,43.137254902
2012,NH,72.5490196078
2012,NJ,80.3921568627
2012,NM,45.0980392157
2012,NV,1.96078431373
2012,NY,88.2352941176
2012,OH,56.862745098
2012,OK,21.568627451
2012,OR,52.9411764706
2012,PA,76.4705882353
2012,RI,84.3137254902
2012,SC,7.8431372549
2012,SD,27.4509803922
2012,TN,31.3725490196
2012,TX,11.7647058824
2012,UT,5.88235294118
2012,VA,47.0588235294
2012,VT,100.0
2012,WA,64.7058823529
2012,WI,70.5882352941
2012,WV,60.7843137255
2012,WY,62.7450980392
2013,AK,92.1568627451
2013,AL,5.88235294118
2013,AR,33.3333333333
2013,AZ,7.8431372549
2013,CA,62.7450980392
2013,CO,50.9803921569
2013,CT,90.1960784314
2013,DC,94.1176470588
2013,DE,78.431372549
2013,FL,9.80392156863
2013,GA,3.92156862745
2013,HI,64.7058823529
2013,IA,68.6274509804
2013,ID,29.4117647059
2013,IL,56.862745098
2013,IN,60.7843137255
2013,KS,19.6078431373
2013,KY,15.6862745098
2013,LA,39.2156862745
2013,MA,96.0784313725
2013,MD,80.3921568627
2013,ME,88.2352941176
2013,MI,35.2941176471
2013,MN,86.2745098039
2013,MO,66.6666666667
2013,MS,23.5294117647
2013,MT,21.568627451
2013,NC,17.6470588235
2013,ND,74.5098039216
2013,NE,43.137254902
2013,NH,58.8235294118
2013,NJ,70.5882352941
2013,NM,25.4901960784
2013,NV,1.96078431373
2013,NY,98.0392156863
2013,OH,72.5490196078
2013,OK,47.0588235294
2013,OR,37.2549019608
2013,PA,82.3529411765
2013,RI,84.3137254902
2013,SC,11.7647058824
2013,SD,49.0196078431
2013,TN,27.4509803922
2013,TX,13.7254901961
2013,UT,45.0980392157
2013,VA,41.1764705882
2013,VT,100.0
2013,WA,52.9411764706
2013,WI,76.4705882353
2013,WV,54.9019607843
2013,WY,31.3725490196
2014,AK,92.1568627451
2014,AL,7.8431372549
2014,AR,50.9803921569
2014,AZ,13.7254901961
2014,CA,54.9019607843
2014,CO,45.0980392157
2014,CT,96.0784313725
2014,DC,88.2352941176
2014,DE,84.3137254902
2014,FL,9.80392156863
2014,GA,3.92156862745
2014,HI,74.5098039216
2014,IA,70.5882352941
2014,ID,29.4117647059
2014,IL,43.137254902
2014,IN,41.1764705882
2014,KS,31.3725490196
2014,KY,52.9411764706
2014,LA,5.88235294118
2014,MA,82.3529411765
2014,MD,86.2745098039
2014,ME,64.7058823529
2014,MI,47.0588235294
2014,MN,98.0392156863
2014,MO,78.431372549
2014,MS,23.5294117647
2014,MT,37.2549019608
2014,NC,21.568627451
2014,ND,62.7450980392
2014,NE,33.3333333333
2014,NH,80.3921568627
2014,NJ,72.5490196078
2014,NM,56.862745098
2014,NV,1.96078431373
2014,NY,90.1960784314
2014,OH,58.8235294118
2014,OK,25.4901960784
2014,OR,66.6666666667
2014,PA,76.4705882353
2014,RI,94.1176470588
2014,SC,11.7647058824
2014,SD,17.6470588235
2014,TN,27.4509803922
2014,TX,19.6078431373
2014,UT,15.6862745098
2014,VA,35.2941176471
2014,VT,100.0
2014,WA,68.6274509804
2014,WI,60.7843137255
2014,WV,39.2156862745
2014,WY,49.0196078431
