state,year,pop,num_pov,st_err_num,pct_pov,st_err_pct,st
Alabama,1980.0,3831.0,810.0,80.0,21.2,1.9,AL
Alabama,1981.0,3878.0,935.0,86.0,24.1,1.9,AL
Alabama,1982.0,3937.0,849.0,82.0,21.6,1.8,AL
Alabama,1983.0,3950.0,909.0,89.0,23.0,1.98,AL
Alabama,1984.0,3875.0,738.0,76.0,19.1,1.8,AL
Alabama,1985.0,3981.0,821.0,82.0,20.6,2.1,AL
Alabama,1986.0,4025.0,959.0,87.0,23.8,2.2,AL
Alabama,1987.0,3989.0,851.0,86.0,21.3,2.2,AL
Alabama,1988.0,4015.0,775.0,83.0,19.3,2.1,AL
Alabama,1989.0,4074.0,770.0,83.0,18.9,2.0,AL
Alabama,1990.0,4063.0,779.0,83.0,19.2,2.0,AL
Alabama,1991.0,4178.0,786.0,83.0,18.8,2.0,AL
Alabama,1992.0,4226.0,729.0,81.0,17.3,1.92,AL
Alabama,1993.0,4168.0,725.0,81.0,17.4,1.94,AL
Alabama,1994.0,4299.0,704.0,80.0,16.4,1.87,AL
Alabama,1995.0,4396.0,882.0,86.0,20.1,1.96,AL
Alabama,1996.0,4258.0,595.0,79.0,14.0,1.72,AL
Alabama,1997.0,4243.0,665.0,83.0,15.7,1.81,AL
Alabama,1998.0,4190.0,609.0,80.0,14.5,1.76,AL
Alabama,1999.0,4388.0,668.0,84.0,15.2,1.76,AL
Alabama,2000.0,4376.0,583.0,53.0,13.3,1.12,AL
Alabama,2001.0,4378.0,696.0,57.0,15.9,1.21,AL
Alabama,2002.0,4432.0,640.0,55.0,14.5,1.15,AL
Alabama,2003.0,4417.0,663.0,56.0,15.0,1.17,AL
Alabama,2004.0,4508.0,762.0,59.0,16.9,1.31,AL
Alabama,2005.0,4501.0,750.0,59.0,16.7,1.31,AL
Alabama,2006.0,4532.0,650.0,56.0,14.3,1.23,AL
Alabama,2007.0,4566.0,662.0,56.0,14.5,1.23,AL
Alabama,2008.0,4716.0,675.0,57.0,14.3,1.2,AL
Alabama,2009.0,4655.0,770.0,60.0,16.6,1.28,AL
Alabama,2010.0,4717.0,812.0,83.0,17.2,1.79,AL
Alabama,2011.0,4765.0,732.0,74.0,15.4,1.53,AL
Alabama,2012.0,4808.0,777.0,91.0,16.2,1.9,AL
Alabama,2013.0,4751.219222,795.6540482,67.16943161,16.74631313,1.413730423,AL
Alabama,2014.0,4765.0,848.0,53.0,17.806,1.105,AL
Alaska,1980.0,379.0,36.0,17.0,9.6,4.3,AK
Alaska,1981.0,403.0,36.0,17.0,9.0,4.0,AK
Alaska,1982.0,432.0,46.0,19.0,10.6,4.2,AK
Alaska,1983.0,486.0,61.0,8.0,12.6,1.49,AK
Alaska,1984.0,507.0,49.0,20.0,9.6,3.7,AK
Alaska,1985.0,510.0,45.0,7.0,8.7,1.4,AK
Alaska,1986.0,517.0,59.0,8.0,11.4,1.5,AK
Alaska,1987.0,499.0,60.0,8.0,12.0,1.7,AK
Alaska,1988.0,480.0,53.0,8.0,11.0,1.7,AK
Alaska,1989.0,488.0,51.0,8.0,10.5,1.5,AK
Alaska,1990.0,499.0,57.0,8.0,11.4,1.6,AK
Alaska,1991.0,525.0,62.0,8.0,11.8,1.6,AK
Alaska,1992.0,572.0,58.0,8.0,10.2,1.4,AK
Alaska,1993.0,570.0,52.0,8.0,9.1,1.34,AK
Alaska,1994.0,592.0,61.0,8.0,10.2,1.38,AK
Alaska,1995.0,630.0,45.0,8.0,7.1,1.28,AK
Alaska,1996.0,657.0,54.0,9.0,8.2,1.33,AK
Alaska,1997.0,640.0,56.0,9.0,8.8,1.4,AK
Alaska,1998.0,641.0,60.0,10.0,9.4,1.44,AK
Alaska,1999.0,630.0,48.0,9.0,7.6,1.32,AK
Alaska,2000.0,620.0,47.0,5.0,7.6,0.85,AK
Alaska,2001.0,632.0,54.0,6.0,8.5,0.88,AK
Alaska,2002.0,632.0,56.0,6.0,8.8,0.9,AK
Alaska,2003.0,643.0,62.0,6.0,9.6,0.93,AK
Alaska,2004.0,648.0,59.0,7.0,9.1,1.1,AK
Alaska,2005.0,657.0,66.0,7.0,10.0,1.14,AK
Alaska,2006.0,658.0,58.0,7.0,8.9,1.08,AK
Alaska,2007.0,675.0,51.0,7.0,7.6,1.0,AK
Alaska,2008.0,672.0,55.0,7.0,8.2,1.03,AK
Alaska,2009.0,688.0,81.0,8.0,11.7,1.2,AK
Alaska,2010.0,695.0,87.0,10.0,12.5,1.45,AK
Alaska,2011.0,712.0,83.0,9.0,11.7,1.33,AK
Alaska,2012.0,701.7728282,70.0614162,8.036155372,9.983489441,1.137279825,AK
Alaska,2013.0,695.9493295,76.1607789,11.96762461,10.94343736,1.719611486,AK
Alaska,2014.0,694.0,82.0,8.0,11.853,1.17,AK
Arizona,1980.0,2774.0,354.0,53.0,12.8,1.8,AZ
Arizona,1981.0,2751.0,323.0,51.0,11.7,1.7,AZ
Arizona,1982.0,2765.0,408.0,57.0,14.8,1.9,AZ
Arizona,1983.0,2875.0,469.0,61.0,16.3,1.95,AZ
Arizona,1984.0,3133.0,569.0,67.0,18.2,1.9,AZ
Arizona,1985.0,3227.0,345.0,54.0,10.7,1.7,AZ
Arizona,1986.0,3386.0,484.0,63.0,14.3,1.9,AZ
Arizona,1987.0,3459.0,444.0,62.0,12.8,1.8,AZ
Arizona,1988.0,3491.0,491.0,65.0,14.1,1.9,AZ
Arizona,1989.0,3556.0,502.0,66.0,14.1,1.9,AZ
Arizona,1990.0,3521.0,484.0,65.0,13.7,1.8,AZ
Arizona,1991.0,3603.0,532.0,67.0,14.8,1.9,AZ
Arizona,1992.0,3851.0,607.0,71.0,15.8,1.86,AZ
Arizona,1993.0,4003.0,615.0,72.0,15.4,1.81,AZ
Arizona,1994.0,4223.0,673.0,74.0,15.9,1.79,AZ
Arizona,1995.0,4337.0,700.0,77.0,16.1,1.77,AZ
Arizona,1996.0,4786.0,980.0,99.0,20.5,1.85,AZ
Arizona,1997.0,4643.0,797.0,89.0,17.2,1.76,AZ
Arizona,1998.0,4887.0,812.0,90.0,16.6,1.69,AZ
Arizona,1999.0,5057.0,616.0,79.0,12.2,1.46,AZ
Arizona,2000.0,5181.0,607.0,63.0,11.7,1.14,AZ
Arizona,2001.0,5314.0,778.0,71.0,14.6,1.24,AZ
Arizona,2002.0,5424.0,735.0,69.0,13.5,1.19,AZ
Arizona,2003.0,5558.0,749.0,70.0,13.5,1.17,AZ
Arizona,2004.0,5763.0,830.0,68.0,14.4,1.18,AZ
Arizona,2005.0,6025.0,917.0,71.0,15.2,1.18,AZ
Arizona,2006.0,6256.0,902.0,71.0,14.4,1.13,AZ
Arizona,2007.0,6365.0,912.0,71.0,14.3,1.12,AZ
Arizona,2008.0,6529.0,1172.0,79.0,18.0,1.21,AZ
Arizona,2009.0,6508.0,1381.0,84.0,21.2,1.29,AZ
Arizona,2010.0,6426.0,1208.0,108.0,18.8,1.69,AZ
Arizona,2011.0,6547.0,1128.0,107.0,17.2,1.66,AZ
Arizona,2012.0,6641.709195,1259.848686,110.8526968,18.96874206,1.696448187,AZ
Arizona,2013.0,6645.249078,1344.980097,93.11442344,20.23972436,1.401217958,AZ
Arizona,2014.0,6657.0,1409.0,76.0,21.164,1.147,AZ
Arkansas,1980.0,2249.0,484.0,62.0,21.5,2.4,AR
Arkansas,1981.0,2247.0,541.0,65.0,24.1,2.5,AR
Arkansas,1982.0,2219.0,527.0,65.0,23.8,2.5,AR
Arkansas,1983.0,2283.0,492.0,56.0,21.5,2.16,AR
Arkansas,1984.0,2364.0,564.0,67.0,23.9,2.5,AR
Arkansas,1985.0,2364.0,541.0,50.0,22.9,2.1,AR
Arkansas,1986.0,2342.0,499.0,48.0,21.3,2.1,AR
Arkansas,1987.0,2468.0,537.0,51.0,21.8,2.1,AR
Arkansas,1988.0,2446.0,527.0,51.0,21.6,2.1,AR
Arkansas,1989.0,2419.0,442.0,48.0,18.3,2.0,AR
Arkansas,1990.0,2411.0,472.0,49.0,19.6,2.0,AR
Arkansas,1991.0,2450.0,425.0,47.0,17.3,1.9,AR
Arkansas,1992.0,2463.0,430.0,47.0,17.5,1.92,AR
Arkansas,1993.0,2421.0,484.0,49.0,20.0,2.04,AR
Arkansas,1994.0,2414.0,369.0,44.0,15.3,1.83,AR
Arkansas,1995.0,2532.0,376.0,44.0,14.9,1.75,AR
Arkansas,1996.0,2606.0,449.0,52.0,17.2,1.83,AR
Arkansas,1997.0,2621.0,515.0,56.0,19.7,1.92,AR
Arkansas,1998.0,2559.0,377.0,48.0,14.7,1.73,AR
Arkansas,1999.0,2616.0,384.0,48.0,14.7,1.71,AR
Arkansas,2000.0,2650.0,436.0,38.0,16.5,1.3,AR
Arkansas,2001.0,2650.0,472.0,39.0,17.8,1.35,AR
Arkansas,2002.0,2690.0,532.0,42.0,19.8,1.39,AR
Arkansas,2003.0,2670.0,474.0,39.0,17.8,1.34,AR
Arkansas,2004.0,2723.0,412.0,35.0,15.1,1.3,AR
Arkansas,2005.0,2756.0,382.0,34.0,13.8,1.25,AR
Arkansas,2006.0,2748.0,487.0,38.0,17.7,1.38,AR
Arkansas,2007.0,2803.0,387.0,35.0,13.8,1.23,AR
Arkansas,2008.0,2822.0,431.0,36.0,15.3,1.28,AR
Arkansas,2009.0,2846.0,538.0,40.0,18.9,1.39,AR
Arkansas,2010.0,2879.0,440.0,45.0,15.3,1.58,AR
Arkansas,2011.0,2909.0,545.0,46.0,18.7,1.58,AR
Arkansas,2012.0,2908.552656,584.4093313,51.48067235,20.09278842,1.757732452,AR
Arkansas,2013.0,2940.079177,504.1040231,69.38934801,17.14593359,2.360118345,AR
Arkansas,2014.0,2891.0,532.0,44.0,18.402,1.533,AR
California,1980.0,23748.0,2619.0,144.0,11.0,0.6,CA
California,1981.0,24112.0,3216.0,159.0,13.3,0.6,CA
California,1982.0,24613.0,3475.0,165.0,14.1,0.6,CA
California,1983.0,25169.0,3755.0,194.0,14.9,0.71,CA
California,1984.0,25596.0,3375.0,163.0,13.2,0.6,CA
California,1985.0,26456.0,3596.0,188.0,13.6,0.7,CA
California,1986.0,27082.0,3453.0,184.0,12.7,0.7,CA
California,1987.0,27877.0,3443.0,188.0,12.3,0.7,CA
California,1988.0,27855.0,3687.0,249.0,13.2,0.9,CA
California,1989.0,29346.0,3772.0,197.0,12.9,0.7,CA
California,1990.0,29765.0,4128.0,205.0,13.9,0.7,CA
California,1991.0,30735.0,4825.0,219.0,15.7,0.7,CA
California,1992.0,31701.0,5197.0,225.0,16.4,0.72,CA
California,1993.0,31970.0,5803.0,235.0,18.2,0.74,CA
California,1994.0,31669.0,5658.0,233.0,17.9,0.74,CA
California,1995.0,32055.0,5342.0,244.0,16.7,0.76,CA
California,1996.0,32305.0,5472.0,268.0,16.9,0.76,CA
California,1997.0,32877.0,5459.0,268.0,16.6,0.75,CA
California,1998.0,33292.0,5118.0,259.0,15.4,0.72,CA
California,1999.0,33705.0,4733.0,250.0,14.0,0.69,CA
California,2000.0,33889.0,4294.0,191.0,12.7,0.53,CA
California,2001.0,34394.0,4321.0,191.0,12.6,0.52,CA
California,2002.0,35068.0,4605.0,197.0,13.1,0.53,CA
California,2003.0,35309.0,4634.0,198.0,13.1,0.53,CA
California,2004.0,35772.0,4724.0,165.0,13.2,0.46,CA
California,2005.0,35840.0,4716.0,164.0,13.2,0.46,CA
California,2006.0,36160.0,4427.0,160.0,12.2,0.44,CA
California,2007.0,36247.0,4589.0,163.0,12.7,0.45,CA
California,2008.0,36637.0,5344.0,174.0,14.6,0.47,CA
California,2009.0,36742.0,5638.0,177.0,15.3,0.48,CA
California,2010.0,37240.0,6073.0,212.0,16.3,0.57,CA
California,2011.0,37592.0,6352.0,202.0,16.9,0.55,CA
California,2012.0,37912.40396,6015.364133,192.4014297,15.86648037,0.51044217,CA
California,2013.0,38053.85744,5675.187965,213.6333681,14.91356816,0.561397405,CA
California,2014.0,38666.0,6112.0,218.0,15.807,0.563,CA
Colorado,1980.0,2869.0,247.0,44.0,8.6,1.5,CO
Colorado,1981.0,2958.0,285.0,48.0,9.6,1.5,CO
Colorado,1982.0,3064.0,387.0,55.0,12.6,1.7,CO
Colorado,1983.0,3083.0,390.0,55.0,12.6,1.67,CO
Colorado,1984.0,3067.0,274.0,47.0,8.9,1.5,CO
Colorado,1985.0,3176.0,324.0,53.0,10.2,1.7,CO
Colorado,1986.0,3157.0,426.0,59.0,13.5,1.9,CO
Colorado,1987.0,3184.0,398.0,60.0,12.5,1.9,CO
Colorado,1988.0,3237.0,405.0,60.0,12.5,1.9,CO
Colorado,1989.0,3258.0,393.0,59.0,12.1,1.8,CO
Colorado,1990.0,3367.0,461.0,63.0,13.7,1.9,CO
Colorado,1991.0,3319.0,347.0,56.0,10.4,1.7,CO
Colorado,1992.0,3478.0,376.0,58.0,10.8,1.67,CO
Colorado,1993.0,3564.0,354.0,56.0,9.9,1.59,CO
Colorado,1994.0,3736.0,335.0,55.0,9.0,1.48,CO
Colorado,1995.0,3793.0,335.0,54.0,8.8,1.43,CO
Colorado,1996.0,3869.0,412.0,63.0,10.6,1.54,CO
Colorado,1997.0,3921.0,320.0,56.0,8.2,1.36,CO
Colorado,1998.0,3966.0,363.0,59.0,9.2,1.42,CO
Colorado,1999.0,4319.0,366.0,59.0,8.5,1.32,CO
Colorado,2000.0,4334.0,425.0,39.0,9.8,0.86,CO
Colorado,2001.0,4402.0,383.0,37.0,8.7,0.81,CO
Colorado,2002.0,4470.0,436.0,40.0,9.8,0.85,CO
Colorado,2003.0,4478.0,436.0,40.0,9.7,0.85,CO
Colorado,2004.0,4517.0,450.0,51.0,10.0,1.12,CO
Colorado,2005.0,4629.0,530.0,55.0,11.4,1.18,CO
Colorado,2006.0,4797.0,466.0,52.0,9.7,1.08,CO
Colorado,2007.0,4872.0,478.0,52.0,9.8,1.07,CO
Colorado,2008.0,4908.0,541.0,55.0,11.0,1.13,CO
Colorado,2009.0,4969.0,613.0,58.0,12.3,1.17,CO
Colorado,2010.0,4995.0,615.0,54.0,12.3,1.08,CO
Colorado,2011.0,5016.0,661.0,54.0,13.2,1.07,CO
Colorado,2012.0,5152.891368,613.0008252,61.40155987,11.89624972,1.188442327,CO
Colorado,2013.0,5288.530682,559.8320996,54.44041744,10.58577766,1.029405344,CO
Colorado,2014.0,5376.0,661.0,72.0,12.297,1.347,CO
Connecticut,1980.0,3090.0,255.0,45.0,8.3,1.4,CT
Connecticut,1981.0,3084.0,254.0,45.0,8.2,1.4,CT
Connecticut,1982.0,3126.0,254.0,45.0,8.1,1.4,CT
Connecticut,1983.0,3149.0,276.0,50.0,8.8,1.51,CT
Connecticut,1984.0,3152.0,218.0,42.0,6.9,1.3,CT
Connecticut,1985.0,3111.0,237.0,49.0,7.6,1.6,CT
Connecticut,1986.0,3125.0,186.0,43.0,6.0,1.4,CT
Connecticut,1987.0,3127.0,207.0,42.0,6.6,1.4,CT
Connecticut,1988.0,3199.0,128.0,37.0,4.0,1.2,CT
Connecticut,1989.0,3136.0,90.0,32.0,2.9,1.0,CT
Connecticut,1990.0,3265.0,196.0,46.0,6.0,1.4,CT
Connecticut,1991.0,3341.0,287.0,55.0,8.6,1.6,CT
Connecticut,1992.0,3272.0,321.0,57.0,9.8,1.76,CT
Connecticut,1993.0,3259.0,277.0,54.0,8.5,1.65,CT
Connecticut,1994.0,3192.0,344.0,59.0,10.8,1.85,CT
Connecticut,1995.0,3276.0,318.0,55.0,9.7,1.67,CT
Connecticut,1996.0,3341.0,392.0,64.0,11.7,1.79,CT
Connecticut,1997.0,3296.0,282.0,54.0,8.6,1.57,CT
Connecticut,1998.0,3275.0,310.0,57.0,9.5,1.65,CT
Connecticut,1999.0,3418.0,246.0,51.0,7.2,1.43,CT
Connecticut,2000.0,3365.0,258.0,27.0,7.7,0.77,CT
Connecticut,2001.0,3385.0,249.0,27.0,7.3,0.76,CT
Connecticut,2002.0,3377.0,279.0,28.0,8.3,0.8,CT
Connecticut,2003.0,3417.0,278.0,28.0,8.1,0.79,CT
Connecticut,2004.0,3487.0,352.0,38.0,10.1,1.1,CT
Connecticut,2005.0,3483.0,326.0,37.0,9.3,1.06,CT
Connecticut,2006.0,3457.0,275.0,34.0,8.0,0.99,CT
Connecticut,2007.0,3471.0,309.0,36.0,8.9,1.04,CT
Connecticut,2008.0,3433.0,276.0,34.0,8.1,1.0,CT
Connecticut,2009.0,3472.0,292.0,35.0,8.4,1.01,CT
Connecticut,2010.0,3541.0,303.0,27.0,8.6,0.76,CT
Connecticut,2011.0,3514.0,356.0,33.0,10.1,0.93,CT
Connecticut,2012.0,3516.849604,362.7219503,30.1117264,10.31383173,0.860530359,CT
Connecticut,2013.0,3544.966592,400.4740353,35.97376112,11.29697629,1.014784207,CT
Connecticut,2014.0,3577.0,308.0,44.0,8.605,1.216,CT
D.C.,1980.0,626.0,131.0,32.0,20.9,4.6,
D.C.,1981.0,612.0,111.0,30.0,18.1,4.4,
D.C.,1982.0,609.0,117.0,31.0,19.3,4.5,
D.C.,1983.0,604.0,130.0,17.0,21.5,2.49,
D.C.,1984.0,607.0,128.0,32.0,21.1,4.7,
D.C.,1985.0,603.0,123.0,14.0,20.4,2.4,
D.C.,1986.0,602.0,77.0,12.0,12.8,2.0,
D.C.,1987.0,587.0,88.0,12.0,14.9,2.1,
D.C.,1988.0,579.0,88.0,12.0,15.2,2.1,
D.C.,1989.0,569.0,102.0,14.0,18.0,2.4,
D.C.,1990.0,570.0,120.0,14.0,21.1,2.5,
D.C.,1991.0,530.0,98.0,13.0,18.6,2.5,
D.C.,1992.0,591.0,120.0,14.0,20.3,2.45,
D.C.,1993.0,597.0,158.0,16.0,26.4,2.67,
D.C.,1994.0,607.0,129.0,15.0,21.2,2.45,
D.C.,1995.0,551.0,122.0,13.0,22.2,2.28,
D.C.,1996.0,538.0,130.0,15.0,24.1,2.38,
D.C.,1997.0,516.0,113.0,14.0,21.8,2.34,
D.C.,1998.0,510.0,114.0,14.0,22.3,2.37,
D.C.,1999.0,545.0,80.0,12.0,14.7,1.96,
D.C.,2000.0,552.0,84.0,8.0,15.2,1.32,
D.C.,2001.0,554.0,101.0,9.0,18.2,1.41,
D.C.,2002.0,570.0,97.0,8.0,17.0,1.35,
D.C.,2003.0,550.0,92.0,8.0,16.8,1.37,
D.C.,2004.0,545.0,93.0,9.0,17.0,1.57,
D.C.,2005.0,539.0,115.0,9.0,21.3,1.72,
D.C.,2006.0,569.0,104.0,9.0,18.3,1.58,
D.C.,2007.0,580.0,104.0,9.0,18.0,1.55,
D.C.,2008.0,590.0,98.0,9.0,16.5,1.49,
D.C.,2009.0,595.0,107.0,9.0,17.9,1.53,
D.C.,2010.0,604.0,118.0,8.0,19.5,1.29,
D.C.,2011.0,619.0,123.0,9.0,19.9,1.44,
D.C.,2012.0,632.4438304,116.4012822,8.517091334,18.40499924,1.344422412,
DC,2013.0,649.9799334,138.7070633,10.59619348,21.34020701,1.630233941,DC
DC,2014.0,657.0,125.0,9.0,19.024,1.328,DC
Delaware,1980.0,578.0,68.0,23.0,11.8,3.8,DE
Delaware,1981.0,587.0,72.0,24.0,12.3,3.8,DE
Delaware,1982.0,611.0,70.0,24.0,11.5,3.6,DE
Delaware,1983.0,602.0,52.0,10.0,8.6,1.6,DE
Delaware,1984.0,611.0,63.0,22.0,10.3,3.5,DE
Delaware,1985.0,624.0,71.0,11.0,11.4,1.8,DE
Delaware,1986.0,639.0,79.0,12.0,12.4,1.9,DE
Delaware,1987.0,637.0,42.0,9.0,6.6,1.4,DE
Delaware,1988.0,659.0,57.0,10.0,8.6,1.6,DE
Delaware,1989.0,676.0,68.0,12.0,10.0,1.7,DE
Delaware,1990.0,690.0,48.0,10.0,6.9,1.4,DE
Delaware,1991.0,709.0,53.0,10.0,7.5,1.5,DE
Delaware,1992.0,709.0,55.0,11.0,7.8,1.49,DE
Delaware,1993.0,711.0,73.0,12.0,10.2,1.68,DE
Delaware,1994.0,681.0,57.0,11.0,8.3,1.56,DE
Delaware,1995.0,713.0,74.0,12.0,10.3,1.72,DE
Delaware,1996.0,732.0,63.0,12.0,8.6,1.56,DE
Delaware,1997.0,749.0,72.0,13.0,9.6,1.63,DE
Delaware,1998.0,781.0,80.0,14.0,10.3,1.64,DE
Delaware,1999.0,768.0,80.0,14.0,10.4,1.67,DE
Delaware,2000.0,777.0,65.0,8.0,8.4,0.94,DE
Delaware,2001.0,790.0,53.0,7.0,6.7,0.85,DE
Delaware,2002.0,796.0,73.0,8.0,9.1,0.97,DE
Delaware,2003.0,818.0,60.0,7.0,7.3,0.86,DE
Delaware,2004.0,825.0,74.0,9.0,9.0,1.07,DE
Delaware,2005.0,842.0,78.0,9.0,9.2,1.07,DE
Delaware,2006.0,858.0,80.0,9.0,9.3,1.07,DE
Delaware,2007.0,861.0,80.0,9.0,9.3,1.07,DE
Delaware,2008.0,861.0,82.0,9.0,9.6,1.08,DE
Delaware,2009.0,883.0,109.0,11.0,12.3,1.19,DE
Delaware,2010.0,890.0,109.0,10.0,12.2,1.07,DE
Delaware,2011.0,902.0,123.0,9.0,13.7,0.97,DE
Delaware,2012.0,900.1723057,121.0851716,10.61386348,13.45133269,1.182518965,DE
Delaware,2013.0,907.3366248,127.177977,13.70339763,14.01662553,1.510288162,DE
Delaware,2014.0,929.0,103.0,10.0,11.043,1.033,DE
Florida,1980.0,10100.0,1692.0,116.0,16.7,1.0,FL
Florida,1981.0,10277.0,1704.0,116.0,16.6,1.0,FL
Florida,1982.0,10514.0,1601.0,112.0,15.2,1.0,FL
Florida,1983.0,10850.0,1595.0,133.0,14.7,1.13,FL
Florida,1984.0,11194.0,1693.0,116.0,15.1,1.0,FL
Florida,1985.0,11537.0,1551.0,105.0,13.4,0.9,FL
Florida,1986.0,11779.0,1342.0,98.0,11.4,0.8,FL
Florida,1987.0,12262.0,1523.0,102.0,12.4,0.8,FL
Florida,1988.0,12497.0,1704.0,107.0,13.6,0.9,FL
Florida,1989.0,12762.0,1590.0,109.0,12.5,0.9,FL
Florida,1990.0,13179.0,1896.0,117.0,14.4,0.9,FL
Florida,1991.0,13412.0,2069.0,122.0,15.4,0.9,FL
Florida,1992.0,13714.0,2139.0,123.0,15.6,0.91,FL
Florida,1993.0,14118.0,2507.0,131.0,17.8,0.94,FL
Florida,1994.0,14258.0,2128.0,123.0,14.9,0.87,FL
Florida,1995.0,14306.0,2321.0,140.0,16.2,0.98,FL
Florida,1996.0,14343.0,2037.0,143.0,14.2,0.92,FL
Florida,1997.0,14354.0,2056.0,143.0,14.3,0.93,FL
Florida,1998.0,14629.0,1923.0,139.0,13.1,0.89,FL
Florida,1999.0,15566.0,1937.0,139.0,12.4,0.84,FL
Florida,2000.0,15991.0,1754.0,103.0,11.0,0.61,FL
Florida,2001.0,16316.0,2077.0,112.0,12.7,0.65,FL
Florida,2002.0,16391.0,2058.0,112.0,12.6,0.64,FL
Florida,2003.0,16884.0,2148.0,114.0,12.7,0.63,FL
Florida,2004.0,17419.0,2028.0,103.0,11.6,0.59,FL
Florida,2005.0,17845.0,1975.0,102.0,11.1,0.57,FL
Florida,2006.0,18029.0,2068.0,104.0,11.5,0.58,FL
Florida,2007.0,18044.0,2250.0,108.0,12.5,0.6,FL
Florida,2008.0,18022.0,2370.0,110.0,13.1,0.61,FL
Florida,2009.0,18385.0,2676.0,116.0,14.6,0.63,FL
Florida,2010.0,18759.0,3006.0,127.0,16.0,0.68,FL
Florida,2011.0,18986.0,2822.0,136.0,14.9,0.72,FL
Florida,2012.0,19165.92806,2926.322568,127.9549618,15.2683583,0.67575418,FL
Florida,2013.0,19371.22571,2887.95894,176.6603191,14.90849873,0.91197285,FL
Florida,2014.0,19694.0,3282.0,150.0,16.667,0.761,FL
Georgia,1980.0,5243.0,727.0,76.0,13.9,1.3,GA
Georgia,1981.0,5415.0,881.0,84.0,16.3,1.4,GA
Georgia,1982.0,5472.0,1074.0,92.0,19.6,1.5,GA
Georgia,1983.0,5581.0,1050.0,107.0,18.8,1.73,GA
Georgia,1984.0,5822.0,981.0,88.0,16.9,1.4,GA
Georgia,1985.0,5867.0,1037.0,118.0,17.7,2.0,GA
Georgia,1986.0,6023.0,879.0,110.0,14.6,1.8,GA
Georgia,1987.0,6049.0,883.0,108.0,14.6,1.8,GA
Georgia,1988.0,6230.0,875.0,108.0,14.0,1.7,GA
Georgia,1989.0,6197.0,929.0,116.0,15.0,1.9,GA
Georgia,1990.0,6349.0,1001.0,120.0,15.8,1.9,GA
Georgia,1991.0,6265.0,1077.0,123.0,17.2,2.0,GA
Georgia,1992.0,6664.0,1177.0,128.0,17.7,1.92,GA
Georgia,1993.0,6825.0,919.0,115.0,13.5,1.7,GA
Georgia,1994.0,7220.0,1012.0,120.0,14.0,1.68,GA
Georgia,1995.0,7262.0,878.0,106.0,12.1,1.46,GA
Georgia,1996.0,7390.0,1097.0,126.0,14.8,1.58,GA
Georgia,1997.0,7631.0,1109.0,127.0,14.5,1.54,GA
Georgia,1998.0,7634.0,1034.0,122.0,13.5,1.49,GA
Georgia,1999.0,7877.0,1011.0,121.0,12.8,1.44,GA
Georgia,2000.0,8112.0,982.0,92.0,12.1,1.07,GA
Georgia,2001.0,8261.0,1069.0,96.0,12.9,1.09,GA
Georgia,2002.0,8413.0,939.0,90.0,11.2,1.01,GA
Georgia,2003.0,8559.0,1014.0,94.0,11.9,1.03,GA
Georgia,2004.0,8700.0,1132.0,75.0,13.0,0.86,GA
Georgia,2005.0,9014.0,1298.0,80.0,14.4,0.88,GA
Georgia,2006.0,9334.0,1172.0,76.0,12.6,0.82,GA
Georgia,2007.0,9486.0,1294.0,80.0,13.6,0.84,GA
Georgia,2008.0,9541.0,1477.0,84.0,15.5,0.88,GA
Georgia,2009.0,9657.0,1775.0,91.0,18.4,0.94,GA
Georgia,2010.0,9650.0,1814.0,104.0,18.8,1.1,GA
Georgia,2011.0,9681.0,1783.0,122.0,18.4,1.25,GA
Georgia,2012.0,9664.540936,1752.142313,133.7461163,18.12959689,1.352945134,GA
Georgia,2013.0,9787.141724,1592.304993,121.4168281,16.26935665,1.240574945,GA
Georgia,2014.0,9948.0,1676.0,92.0,16.845,0.924,GA
Hawaii,1980.0,954.0,81.0,25.0,8.5,2.5,HI
Hawaii,1981.0,953.0,108.0,29.0,11.3,2.9,HI
Hawaii,1982.0,997.0,132.0,32.0,13.2,3.0,HI
Hawaii,1983.0,998.0,129.0,19.0,12.9,1.79,HI
Hawaii,1984.0,997.0,92.0,27.0,9.3,2.6,HI
Hawaii,1985.0,1018.0,109.0,18.0,10.7,1.7,HI
Hawaii,1986.0,1024.0,109.0,18.0,10.7,1.7,HI
Hawaii,1987.0,1086.0,95.0,16.0,8.8,1.5,HI
Hawaii,1988.0,1051.0,117.0,18.0,11.1,1.7,HI
Hawaii,1989.0,1086.0,122.0,19.0,11.3,1.8,HI
Hawaii,1990.0,1100.0,121.0,19.0,11.0,1.7,HI
Hawaii,1991.0,1164.0,90.0,17.0,7.7,1.4,HI
Hawaii,1992.0,1187.0,133.0,20.0,11.2,1.67,HI
Hawaii,1993.0,1135.0,91.0,17.0,8.0,1.47,HI
Hawaii,1994.0,1106.0,97.0,17.0,8.7,1.55,HI
Hawaii,1995.0,1187.0,122.0,20.0,10.3,1.68,HI
Hawaii,1996.0,1172.0,142.0,23.0,12.1,1.82,HI
Hawaii,1997.0,1182.0,164.0,24.0,13.9,1.92,HI
Hawaii,1998.0,1201.0,131.0,22.0,10.9,1.72,HI
Hawaii,1999.0,1225.0,133.0,22.0,10.8,1.69,HI
Hawaii,2000.0,1195.0,106.0,12.0,8.9,0.94,HI
Hawaii,2001.0,1205.0,138.0,13.0,11.4,1.05,HI
Hawaii,2002.0,1219.0,138.0,14.0,11.3,1.04,HI
Hawaii,2003.0,1250.0,117.0,12.0,9.3,0.95,HI
Hawaii,2004.0,1244.0,106.0,12.0,8.6,0.98,HI
Hawaii,2005.0,1274.0,110.0,12.0,8.6,0.97,HI
Hawaii,2006.0,1254.0,116.0,13.0,9.2,1.01,HI
Hawaii,2007.0,1264.0,94.0,12.0,7.5,0.91,HI
Hawaii,2008.0,1255.0,125.0,13.0,9.9,1.05,HI
Hawaii,2009.0,1250.0,156.0,14.0,12.5,1.16,HI
Hawaii,2010.0,1311.0,162.0,15.0,12.4,1.18,HI
Hawaii,2011.0,1337.0,162.0,18.0,12.1,1.35,HI
Hawaii,2012.0,1356.11902,187.5660675,21.07212567,13.83109187,1.559834813,HI
Hawaii,2013.0,1368.049025,151.8171459,15.93664909,11.09734689,1.164917982,HI
Hawaii,2014.0,1365.0,147.0,16.0,10.788,1.146,HI
Idaho,1980.0,934.0,138.0,33.0,14.7,3.3,ID
Idaho,1981.0,962.0,171.0,37.0,17.7,3.5,ID
Idaho,1982.0,967.0,151.0,35.0,15.6,3.3,ID
Idaho,1983.0,980.0,174.0,22.0,17.7,2.02,ID
Idaho,1984.0,992.0,171.0,37.0,17.3,3.4,ID
Idaho,1985.0,996.0,159.0,18.0,16.0,1.8,ID
Idaho,1986.0,973.0,180.0,19.0,18.5,1.9,ID
Idaho,1987.0,991.0,150.0,18.0,15.1,1.8,ID
Idaho,1988.0,991.0,124.0,17.0,12.5,1.7,ID
Idaho,1989.0,1014.0,126.0,17.0,12.4,1.6,ID
Idaho,1990.0,1048.0,157.0,18.0,14.9,1.7,ID
Idaho,1991.0,1035.0,144.0,17.0,13.9,1.7,ID
Idaho,1992.0,1095.0,166.0,19.0,15.2,1.7,ID
Idaho,1993.0,1145.0,150.0,18.0,13.1,1.57,ID
Idaho,1994.0,1138.0,137.0,17.0,12.0,1.51,ID
Idaho,1995.0,1154.0,167.0,20.0,14.5,1.73,ID
Idaho,1996.0,1185.0,140.0,20.0,11.9,1.57,ID
Idaho,1997.0,1251.0,183.0,23.0,14.7,1.67,ID
Idaho,1998.0,1273.0,165.0,22.0,13.0,1.58,ID
Idaho,1999.0,1240.0,175.0,22.0,14.1,1.65,ID
Idaho,2000.0,1289.0,162.0,16.0,12.5,1.16,ID
Idaho,2001.0,1314.0,151.0,15.0,11.5,1.11,ID
Idaho,2002.0,1296.0,147.0,15.0,11.3,1.11,ID
Idaho,2003.0,1356.0,138.0,15.0,10.2,1.03,ID
Idaho,2004.0,1372.0,136.0,15.0,9.9,1.11,ID
Idaho,2005.0,1441.0,143.0,16.0,9.9,1.08,ID
Idaho,2006.0,1472.0,141.0,16.0,9.5,1.06,ID
Idaho,2007.0,1501.0,149.0,16.0,9.9,1.07,ID
Idaho,2008.0,1515.0,185.0,18.0,12.2,1.16,ID
Idaho,2009.0,1524.0,209.0,19.0,13.7,1.22,ID
Idaho,2010.0,1543.0,213.0,23.0,13.8,1.53,ID
Idaho,2011.0,1574.0,248.0,26.0,15.7,1.73,ID
Idaho,2012.0,1587.969655,229.4517046,21.93277706,14.44937589,1.401658087,ID
Idaho,2013.0,1591.695043,205.4040166,30.26490597,12.90473433,1.901426162,ID
Idaho,2014.0,1606.0,199.0,22.0,12.402,1.352,ID
Illinois,1980.0,11259.0,1386.0,105.0,12.3,0.9,IL
Illinois,1981.0,11338.0,1371.0,104.0,12.1,0.9,IL
Illinois,1982.0,11284.0,1512.0,109.0,13.4,0.9,IL
Illinois,1983.0,11345.0,1617.0,132.0,14.3,1.08,IL
Illinois,1984.0,11649.0,1753.0,118.0,15.0,0.9,IL
Illinois,1985.0,11743.0,1830.0,113.0,15.6,1.0,IL
Illinois,1986.0,11445.0,1517.0,105.0,13.3,0.9,IL
Illinois,1987.0,11503.0,1655.0,112.0,14.4,1.0,IL
Illinois,1988.0,11344.0,1436.0,106.0,12.7,0.9,IL
Illinois,1989.0,11559.0,1470.0,107.0,12.7,0.9,IL
Illinois,1990.0,11696.0,1606.0,111.0,13.7,1.0,IL
Illinois,1991.0,11800.0,1598.0,110.0,13.5,0.9,IL
Illinois,1992.0,11892.0,1857.0,117.0,15.6,0.99,IL
Illinois,1993.0,11725.0,1600.0,110.0,13.6,0.94,IL
Illinois,1994.0,11808.0,1464.0,106.0,12.4,0.9,IL
Illinois,1995.0,11761.0,1459.0,115.0,12.4,0.98,IL
Illinois,1996.0,11810.0,1429.0,121.0,12.1,0.97,IL
Illinois,1997.0,12065.0,1349.0,118.0,11.2,0.92,IL
Illinois,1998.0,12255.0,1234.0,113.0,10.1,0.88,IL
Illinois,1999.0,12248.0,1215.0,112.0,9.9,0.87,IL
Illinois,2000.0,12269.0,1307.0,87.0,10.7,0.67,IL
Illinois,2001.0,12314.0,1249.0,85.0,10.1,0.65,IL
Illinois,2002.0,12495.0,1594.0,96.0,12.8,0.72,IL
Illinois,2003.0,12616.0,1592.0,95.0,12.6,0.71,IL
Illinois,2004.0,12563.0,1546.0,90.0,12.3,0.72,IL
Illinois,2005.0,12571.0,1441.0,87.0,11.5,0.69,IL
Illinois,2006.0,12633.0,1338.0,85.0,10.6,0.67,IL
Illinois,2007.0,12680.0,1262.0,82.0,10.0,0.65,IL
Illinois,2008.0,12687.0,1564.0,90.0,12.3,0.71,IL
Illinois,2009.0,12759.0,1690.0,94.0,13.2,0.73,IL
Illinois,2010.0,12784.0,1798.0,101.0,14.1,0.79,IL
Illinois,2011.0,12697.0,1807.0,109.0,14.2,0.87,IL
Illinois,2012.0,12726.97894,1607.64359,97.85333555,12.63177692,0.778680751,IL
Illinois,2013.0,12778.55046,1695.34385,117.410391,13.26710612,0.918808369,IL
Illinois,2014.0,12774.0,1756.0,111.0,13.744,0.866,IL
Indiana,1980.0,5490.0,645.0,72.0,11.8,1.2,IN
Indiana,1981.0,5431.0,685.0,74.0,12.6,1.3,IN
Indiana,1982.0,5415.0,683.0,74.0,12.6,1.3,IN
Indiana,1983.0,5382.0,865.0,91.0,16.1,1.55,IN
Indiana,1984.0,5419.0,697.0,74.0,12.9,1.3,IN
Indiana,1985.0,5302.0,639.0,93.0,12.0,1.7,IN
Indiana,1986.0,5312.0,674.0,95.0,12.7,1.8,IN
Indiana,1987.0,5398.0,597.0,78.0,11.1,1.4,IN
Indiana,1988.0,5530.0,560.0,90.0,10.1,1.6,IN
Indiana,1989.0,5453.0,749.0,102.0,13.7,1.9,IN
Indiana,1990.0,5480.0,714.0,100.0,13.0,1.8,IN
Indiana,1991.0,5533.0,866.0,109.0,15.7,2.0,IN
Indiana,1992.0,5622.0,661.0,97.0,11.8,1.73,IN
Indiana,1993.0,5751.0,704.0,100.0,12.2,1.74,IN
Indiana,1994.0,5967.0,816.0,106.0,13.7,1.79,IN
Indiana,1995.0,5673.0,545.0,84.0,9.6,1.48,IN
Indiana,1996.0,5681.0,428.0,78.0,7.5,1.33,IN
Indiana,1997.0,5849.0,515.0,86.0,8.8,1.4,IN
Indiana,1998.0,5830.0,547.0,88.0,9.4,1.44,IN
Indiana,1999.0,5914.0,396.0,75.0,6.7,1.23,IN
Indiana,2000.0,6007.0,513.0,49.0,8.5,0.79,IN
Indiana,2001.0,6030.0,511.0,49.0,8.5,0.78,IN
Indiana,2002.0,6086.0,552.0,51.0,9.1,0.8,IN
Indiana,2003.0,6130.0,610.0,54.0,9.9,0.83,IN
Indiana,2004.0,6121.0,712.0,60.0,11.6,0.98,IN
Indiana,2005.0,6131.0,774.0,62.0,12.6,1.01,IN
Indiana,2006.0,6334.0,674.0,59.0,10.6,0.93,IN
Indiana,2007.0,6258.0,740.0,61.0,11.8,0.98,IN
Indiana,2008.0,6288.0,901.0,66.0,14.3,1.06,IN
Indiana,2009.0,6342.0,1023.0,70.0,16.1,1.1,IN
Indiana,2010.0,6390.0,1041.0,95.0,16.3,1.49,IN
Indiana,2011.0,6344.0,989.0,83.0,15.6,1.31,IN
Indiana,2012.0,6342.802996,963.5463303,70.19952136,15.19117543,1.11174704,IN
Indiana,2013.0,6397.908899,743.4613006,75.51041294,11.6203796,1.180235826,IN
Indiana,2014.0,6470.0,948.0,85.0,14.648,1.31,IN
Iowa,1980.0,2868.0,311.0,50.0,10.8,1.6,IA
Iowa,1981.0,2815.0,368.0,54.0,13.1,1.8,IA
Iowa,1982.0,2770.0,371.0,54.0,13.4,1.8,IA
Iowa,1983.0,2828.0,473.0,61.0,16.7,1.96,IA
Iowa,1984.0,2876.0,419.0,58.0,14.6,1.9,IA
Iowa,1985.0,2815.0,505.0,53.0,17.9,1.9,IA
Iowa,1986.0,2907.0,376.0,47.0,12.9,1.6,IA
Iowa,1987.0,2892.0,419.0,51.0,14.5,1.8,IA
Iowa,1988.0,2814.0,263.0,41.0,9.4,1.5,IA
Iowa,1989.0,2835.0,291.0,43.0,10.3,1.5,IA
Iowa,1990.0,2784.0,289.0,43.0,10.4,1.6,IA
Iowa,1991.0,2821.0,271.0,42.0,9.6,1.5,IA
Iowa,1992.0,2846.0,328.0,46.0,11.5,1.61,IA
Iowa,1993.0,2809.0,290.0,43.0,10.3,1.54,IA
Iowa,1994.0,2815.0,302.0,44.0,10.7,1.57,IA
Iowa,1995.0,2894.0,352.0,48.0,12.2,1.65,IA
Iowa,1996.0,2898.0,279.0,45.0,9.6,1.49,IA
Iowa,1997.0,2820.0,270.0,45.0,9.6,1.5,IA
Iowa,1998.0,2834.0,257.0,44.0,9.1,1.47,IA
Iowa,1999.0,2856.0,210.0,39.0,7.4,1.33,IA
Iowa,2000.0,2858.0,237.0,25.0,8.3,0.85,IA
Iowa,2001.0,2858.0,212.0,24.0,7.4,0.8,IA
Iowa,2002.0,2899.0,267.0,27.0,9.2,0.88,IA
Iowa,2003.0,2916.0,260.0,26.0,8.9,0.87,IA
Iowa,2004.0,2901.0,316.0,34.0,10.9,1.17,IA
Iowa,2005.0,2902.0,327.0,34.0,11.3,1.18,IA
Iowa,2006.0,2913.0,301.0,33.0,10.3,1.14,IA
Iowa,2007.0,2965.0,264.0,31.0,8.9,1.05,IA
Iowa,2008.0,2986.0,285.0,32.0,9.5,1.08,IA
Iowa,2009.0,2987.0,319.0,34.0,10.7,1.14,IA
Iowa,2010.0,2977.0,307.0,30.0,10.3,1.0,IA
Iowa,2011.0,3027.0,315.0,24.0,10.4,0.8,IA
Iowa,2012.0,3009.874559,310.2006691,22.41351255,10.30609957,0.770071205,IA
Iowa,2013.0,3066.337985,330.0555418,31.07653948,10.76383437,1.013474041,IA
Iowa,2014.0,3078.0,317.0,33.0,10.29,1.059,IA
Kansas,1980.0,2286.0,215.0,41.0,9.4,1.7,KS
Kansas,1981.0,2282.0,267.0,46.0,11.7,1.9,KS
Kansas,1982.0,2365.0,247.0,44.0,10.4,1.8,KS
Kansas,1983.0,2369.0,321.0,48.0,13.6,1.89,KS
Kansas,1984.0,2420.0,260.0,45.0,10.7,1.8,KS
Kansas,1985.0,2395.0,331.0,41.0,13.8,1.7,KS
Kansas,1986.0,2433.0,269.0,38.0,11.1,1.5,KS
Kansas,1987.0,2435.0,225.0,36.0,9.2,1.5,KS
Kansas,1988.0,2399.0,195.0,34.0,8.1,1.4,KS
Kansas,1989.0,2434.0,262.0,38.0,10.8,1.6,KS
Kansas,1990.0,2510.0,259.0,38.0,10.3,1.5,KS
Kansas,1991.0,2580.0,317.0,42.0,12.3,1.6,KS
Kansas,1992.0,2510.0,279.0,39.0,11.1,1.57,KS
Kansas,1993.0,2496.0,327.0,42.0,13.1,1.69,KS
Kansas,1994.0,2522.0,375.0,45.0,14.9,1.77,KS
Kansas,1995.0,2535.0,273.0,41.0,10.8,1.6,KS
Kansas,1996.0,2569.0,287.0,44.0,11.2,1.61,KS
Kansas,1997.0,2583.0,250.0,41.0,9.7,1.51,KS
Kansas,1998.0,2615.0,250.0,41.0,9.6,1.49,KS
Kansas,1999.0,2605.0,320.0,46.0,12.3,1.67,KS
Kansas,2000.0,2649.0,213.0,23.0,8.0,0.84,KS
Kansas,2001.0,2635.0,267.0,26.0,10.1,0.94,KS
Kansas,2002.0,2681.0,269.0,26.0,10.1,0.92,KS
Kansas,2003.0,2676.0,288.0,27.0,10.8,0.95,KS
Kansas,2004.0,2669.0,304.0,32.0,11.4,1.21,KS
Kansas,2005.0,2693.0,337.0,34.0,12.5,1.25,KS
Kansas,2006.0,2719.0,349.0,34.0,12.8,1.26,KS
Kansas,2007.0,2720.0,319.0,33.0,11.7,1.21,KS
Kansas,2008.0,2716.0,346.0,34.0,12.7,1.26,KS
Kansas,2009.0,2737.0,374.0,35.0,13.7,1.29,KS
Kansas,2010.0,2766.0,400.0,39.0,14.5,1.44,KS
Kansas,2011.0,2807.0,402.0,32.0,14.3,1.17,KS
Kansas,2012.0,2828.207132,396.7967438,34.19115047,14.02997465,1.253008593,KS
Kansas,2013.0,2830.131666,372.574934,32.29422921,13.16457953,1.141085752,KS
Kansas,2014.0,2851.0,345.0,31.0,12.091,1.101,KS
Kentucky,1980.0,3641.0,701.0,75.0,19.3,1.8,KY
Kentucky,1981.0,3668.0,708.0,75.0,19.3,1.8,KY
Kentucky,1982.0,3618.0,587.0,68.0,16.2,1.7,KY
Kentucky,1983.0,3752.0,670.0,85.0,17.9,2.05,KY
Kentucky,1984.0,3721.0,709.0,75.0,19.1,1.8,KY
Kentucky,1985.0,3650.0,708.0,74.0,19.4,2.0,KY
Kentucky,1986.0,3560.0,630.0,70.0,17.7,2.0,KY
Kentucky,1987.0,3666.0,634.0,74.0,17.3,2.0,KY
Kentucky,1988.0,3605.0,634.0,74.0,17.6,2.0,KY
Kentucky,1989.0,3576.0,576.0,70.0,16.1,2.0,KY
Kentucky,1990.0,3620.0,628.0,73.0,17.3,2.0,KY
Kentucky,1991.0,3640.0,683.0,75.0,18.8,2.1,KY
Kentucky,1992.0,3720.0,731.0,77.0,19.7,2.07,KY
Kentucky,1993.0,3740.0,763.0,78.0,20.4,2.09,KY
Kentucky,1994.0,3843.0,710.0,76.0,18.5,1.99,KY
Kentucky,1995.0,3876.0,572.0,68.0,14.7,1.76,KY
Kentucky,1996.0,3877.0,658.0,79.0,17.0,1.86,KY
Kentucky,1997.0,3913.0,623.0,77.0,15.9,1.81,KY
Kentucky,1998.0,3860.0,521.0,70.0,13.5,1.7,KY
Kentucky,1999.0,3859.0,467.0,67.0,12.1,1.62,KY
Kentucky,2000.0,3995.0,502.0,46.0,12.6,1.08,KY
Kentucky,2001.0,3989.0,503.0,46.0,12.6,1.08,KY
Kentucky,2002.0,4033.0,571.0,49.0,14.2,1.13,KY
Kentucky,2003.0,4100.0,589.0,50.0,14.4,1.13,KY
Kentucky,2004.0,4068.0,723.0,57.0,17.8,1.41,KY
Kentucky,2005.0,4049.0,599.0,53.0,14.8,1.31,KY
Kentucky,2006.0,4106.0,690.0,56.0,16.8,1.37,KY
Kentucky,2007.0,4202.0,653.0,55.0,15.5,1.32,KY
Kentucky,2008.0,4246.0,724.0,58.0,17.1,1.36,KY
Kentucky,2009.0,4276.0,727.0,58.0,17.0,1.35,KY
Kentucky,2010.0,4270.0,754.0,65.0,17.7,1.56,KY
Kentucky,2011.0,4302.0,689.0,60.0,16.0,1.38,KY
Kentucky,2012.0,4342.240655,776.1704823,65.89827479,17.87488405,1.490984165,KY
Kentucky,2013.0,4360.373572,871.4522979,62.57285673,19.98572562,1.435034308,KY
Kentucky,2014.0,4299.0,861.0,69.0,20.027,1.599,KY
Louisiana,1980.0,4273.0,868.0,83.0,20.3,1.7,LA
Louisiana,1981.0,4262.0,938.0,86.0,22.0,1.8,LA
Louisiana,1982.0,4299.0,976.0,88.0,22.7,1.8,LA
Louisiana,1983.0,4360.0,939.0,90.0,21.5,1.84,LA
Louisiana,1984.0,4304.0,888.0,84.0,20.6,1.7,LA
Louisiana,1985.0,4322.0,781.0,86.0,18.1,2.0,LA
Louisiana,1986.0,4338.0,953.0,93.0,22.0,2.1,LA
Louisiana,1987.0,4268.0,1071.0,102.0,25.1,2.4,LA
Louisiana,1988.0,4249.0,968.0,98.0,22.8,2.3,LA
Louisiana,1989.0,4080.0,950.0,95.0,23.3,2.3,LA
Louisiana,1990.0,4034.0,952.0,96.0,23.6,2.3,LA
Louisiana,1991.0,4185.0,795.0,89.0,19.0,2.1,LA
Louisiana,1992.0,4256.0,1043.0,99.0,24.5,2.31,LA
Louisiana,1993.0,4246.0,1119.0,101.0,26.4,2.37,LA
Louisiana,1994.0,4351.0,1117.0,101.0,25.7,2.32,LA
Louisiana,1995.0,4306.0,849.0,82.0,19.7,1.9,LA
Louisiana,1996.0,4263.0,873.0,93.0,20.5,1.94,LA
Louisiana,1997.0,4241.0,691.0,82.0,16.3,1.78,LA
Louisiana,1998.0,4305.0,821.0,90.0,19.1,1.88,LA
Louisiana,1999.0,4289.0,823.0,90.0,19.2,1.89,LA
Louisiana,2000.0,4354.0,750.0,63.0,17.2,1.32,LA
Louisiana,2001.0,4372.0,709.0,61.0,16.2,1.29,LA
Louisiana,2002.0,4445.0,777.0,64.0,17.5,1.32,LA
Louisiana,2003.0,4422.0,750.0,63.0,17.0,1.3,LA
Louisiana,2004.0,4419.0,744.0,58.0,16.8,1.33,LA
Louisiana,2005.0,4086.0,748.0,58.0,18.3,1.42,LA
Louisiana,2006.0,4206.0,713.0,57.0,17.0,1.36,LA
Louisiana,2007.0,4186.0,673.0,56.0,16.1,1.34,LA
Louisiana,2008.0,4326.0,788.0,60.0,18.2,1.38,LA
Louisiana,2009.0,4450.0,636.0,55.0,14.3,1.24,LA
Louisiana,2010.0,4418.0,949.0,69.0,21.5,1.62,LA
Louisiana,2011.0,4494.0,947.0,75.0,21.1,1.63,LA
Louisiana,2012.0,4464.534739,944.0284559,99.0465294,21.14505791,2.271738392,LA
Louisiana,2013.0,4504.216994,863.3168216,94.79000008,19.16685681,2.104472325,LA
Louisiana,2014.0,4550.0,1049.0,53.0,23.057,1.161,LA
Maine,1980.0,1077.0,158.0,35.0,14.6,3.0,ME
Maine,1981.0,1116.0,179.0,38.0,16.0,3.1,ME
Maine,1982.0,1133.0,156.0,35.0,13.7,2.9,ME
Maine,1983.0,1157.0,144.0,22.0,12.4,1.76,ME
Maine,1984.0,1167.0,152.0,35.0,13.0,2.8,ME
Maine,1985.0,1129.0,134.0,20.0,11.9,1.8,ME
Maine,1986.0,1127.0,115.0,19.0,10.2,1.6,ME
Maine,1987.0,1144.0,134.0,20.0,11.7,1.7,ME
Maine,1988.0,1201.0,159.0,21.0,13.2,1.8,ME
Maine,1989.0,1233.0,128.0,20.0,10.4,1.6,ME
Maine,1990.0,1231.0,162.0,22.0,13.1,1.8,ME
Maine,1991.0,1213.0,171.0,23.0,14.1,1.9,ME
Maine,1992.0,1239.0,167.0,23.0,13.5,1.82,ME
Maine,1993.0,1276.0,196.0,24.0,15.4,1.89,ME
Maine,1994.0,1201.0,113.0,19.0,9.4,1.58,ME
Maine,1995.0,1225.0,138.0,22.0,11.2,1.77,ME
Maine,1996.0,1203.0,135.0,23.0,11.2,1.78,ME
Maine,1997.0,1222.0,124.0,22.0,10.1,1.69,ME
Maine,1998.0,1263.0,131.0,22.0,10.4,1.68,ME
Maine,1999.0,1260.0,134.0,23.0,10.6,1.7,ME
Maine,2000.0,1267.0,128.0,12.0,10.1,0.87,ME
Maine,2001.0,1277.0,132.0,12.0,10.3,0.88,ME
Maine,2002.0,1265.0,170.0,13.0,13.4,0.99,ME
Maine,2003.0,1279.0,149.0,13.0,11.6,0.92,ME
Maine,2004.0,1290.0,149.0,17.0,11.6,1.28,ME
Maine,2005.0,1314.0,166.0,17.0,12.6,1.31,ME
Maine,2006.0,1313.0,134.0,16.0,10.2,1.2,ME
Maine,2007.0,1312.0,142.0,16.0,10.9,1.23,ME
Maine,2008.0,1317.0,158.0,17.0,12.0,1.28,ME
Maine,2009.0,1297.0,148.0,16.0,11.4,1.27,ME
Maine,2010.0,1298.0,164.0,15.0,12.6,1.16,ME
Maine,2011.0,1328.0,178.0,14.0,13.4,1.06,ME
Maine,2012.0,1329.940182,170.3130393,14.01020741,12.80606764,1.05714576,ME
Maine,2013.0,1310.082713,160.500162,17.24376063,12.25114723,1.316234498,ME
Maine,2014.0,1300.0,190.0,20.0,14.629,1.534,ME
Maryland,1980.0,4104.0,389.0,56.0,9.5,1.3,MD
Maryland,1981.0,4123.0,442.0,59.0,10.7,1.4,MD
Maryland,1982.0,4190.0,516.0,64.0,12.3,1.4,MD
Maryland,1983.0,4112.0,358.0,58.0,8.7,1.36,MD
Maryland,1984.0,4106.0,358.0,53.0,8.7,1.2,MD
Maryland,1985.0,4209.0,364.0,68.0,8.7,1.6,MD
Maryland,1986.0,4504.0,414.0,72.0,9.2,1.6,MD
Maryland,1987.0,4558.0,420.0,62.0,9.2,1.4,MD
Maryland,1988.0,4650.0,457.0,77.0,9.8,1.7,MD
Maryland,1989.0,4567.0,411.0,74.0,9.0,1.6,MD
Maryland,1990.0,4727.0,468.0,78.0,9.9,1.7,MD
Maryland,1991.0,4767.0,432.0,75.0,9.1,1.6,MD
Maryland,1992.0,4946.0,583.0,86.0,11.8,1.74,MD
Maryland,1993.0,4925.0,479.0,79.0,9.7,1.61,MD
Maryland,1994.0,5045.0,541.0,83.0,10.7,1.65,MD
Maryland,1995.0,5133.0,520.0,82.0,10.1,1.59,MD
Maryland,1996.0,5085.0,522.0,86.0,10.3,1.61,MD
Maryland,1997.0,5043.0,422.0,78.0,8.4,1.48,MD
Maryland,1998.0,5014.0,359.0,72.0,7.2,1.38,MD
Maryland,1999.0,5049.0,367.0,72.0,7.3,1.38,MD
Maryland,2000.0,5241.0,386.0,43.0,7.4,0.79,MD
Maryland,2001.0,5318.0,385.0,43.0,7.2,0.77,MD
Maryland,2002.0,5419.0,400.0,44.0,7.4,0.77,MD
Maryland,2003.0,5485.0,472.0,47.0,8.6,0.83,MD
Maryland,2004.0,5539.0,550.0,54.0,9.9,0.98,MD
Maryland,2005.0,5560.0,542.0,54.0,9.7,0.97,MD
Maryland,2006.0,5607.0,469.0,51.0,8.4,0.9,MD
Maryland,2007.0,5560.0,491.0,52.0,8.8,0.93,MD
Maryland,2008.0,5528.0,481.0,51.0,8.7,0.93,MD
Maryland,2009.0,5662.0,543.0,54.0,9.6,0.96,MD
Maryland,2010.0,5786.0,628.0,50.0,10.9,0.86,MD
Maryland,2011.0,5806.0,537.0,43.0,9.3,0.76,MD
Maryland,2012.0,5892.496703,584.6240341,47.01707381,9.921499554,0.797713661,MD
Maryland,2013.0,5933.066169,610.9761687,51.28097193,10.29781485,0.864324962,MD
Maryland,2014.0,5934.0,584.0,55.0,9.85,0.931,MD
Massachusetts,1980.0,5725.0,542.0,66.0,9.5,1.1,MA
Massachusetts,1981.0,5804.0,518.0,64.0,8.9,1.1,MA
Massachusetts,1982.0,5748.0,590.0,68.0,10.3,1.1,MA
Massachusetts,1983.0,5731.0,443.0,59.0,7.7,0.99,MA
Massachusetts,1984.0,5845.0,519.0,64.0,8.9,1.0,MA
Massachusetts,1985.0,5899.0,544.0,47.0,9.2,0.8,MA
Massachusetts,1986.0,5846.0,538.0,46.0,9.2,0.8,MA
Massachusetts,1987.0,5845.0,477.0,45.0,8.2,0.8,MA
Massachusetts,1988.0,5861.0,497.0,46.0,8.5,0.8,MA
Massachusetts,1989.0,5831.0,513.0,47.0,8.8,0.8,MA
Massachusetts,1990.0,5832.0,626.0,51.0,10.7,0.9,MA
Massachusetts,1991.0,5803.0,637.0,51.0,11.0,0.9,MA
Massachusetts,1992.0,5843.0,600.0,50.0,10.3,0.86,MA
Massachusetts,1993.0,5991.0,641.0,52.0,10.7,0.86,MA
Massachusetts,1994.0,6005.0,585.0,50.0,9.7,0.83,MA
Massachusetts,1995.0,6065.0,665.0,70.0,11.0,1.16,MA
Massachusetts,1996.0,6150.0,622.0,72.0,10.1,1.12,MA
Massachusetts,1997.0,5991.0,732.0,78.0,12.2,1.23,MA
Massachusetts,1998.0,6100.0,528.0,67.0,8.7,1.04,MA
Massachusetts,1999.0,6262.0,738.0,79.0,11.8,1.18,MA
Massachusetts,2000.0,6284.0,618.0,54.0,9.8,0.82,MA
Massachusetts,2001.0,6302.0,561.0,52.0,8.9,0.79,MA
Massachusetts,2002.0,6469.0,648.0,56.0,10.0,0.82,MA
Massachusetts,2003.0,6357.0,652.0,56.0,10.3,0.83,MA
Massachusetts,2004.0,6363.0,594.0,55.0,9.3,0.86,MA
Massachusetts,2005.0,6318.0,641.0,57.0,10.1,0.9,MA
Massachusetts,2006.0,6324.0,758.0,61.0,12.0,0.97,MA
Massachusetts,2007.0,6336.0,707.0,59.0,11.2,0.94,MA
Massachusetts,2008.0,6420.0,727.0,60.0,11.3,0.94,MA
Massachusetts,2009.0,6623.0,717.0,60.0,10.8,0.9,MA
Massachusetts,2010.0,6532.0,711.0,68.0,10.9,1.06,MA
Massachusetts,2011.0,6514.0,688.0,55.0,10.6,0.85,MA
Massachusetts,2012.0,6565.681969,743.0040178,58.80785538,11.31647895,0.906077083,MA
Massachusetts,2013.0,6569.791069,784.2526034,92.55154142,11.93725333,1.40874406,MA
Massachusetts,2014.0,6653.0,902.0,71.0,13.553,1.061,MA
Michigan,1980.0,9227.0,1194.0,97.0,12.9,1.0,MI
Michigan,1981.0,9096.0,1184.0,97.0,13.0,1.0,MI
Michigan,1982.0,9117.0,1481.0,108.0,16.2,1.1,MI
Michigan,1983.0,9056.0,1518.0,124.0,16.8,1.25,MI
Michigan,1984.0,8962.0,1495.0,109.0,16.7,1.1,MI
Michigan,1985.0,9051.0,1308.0,86.0,14.5,0.9,MI
Michigan,1986.0,9112.0,1267.0,84.0,13.9,0.9,MI
Michigan,1987.0,8973.0,1095.0,82.0,12.2,0.9,MI
Michigan,1988.0,9223.0,1112.0,83.0,12.1,0.9,MI
Michigan,1989.0,9297.0,1228.0,86.0,13.2,0.9,MI
Michigan,1990.0,9187.0,1315.0,88.0,14.3,1.0,MI
Michigan,1991.0,9263.0,1308.0,88.0,14.1,1.0,MI
Michigan,1992.0,9322.0,1271.0,87.0,13.6,0.94,MI
Michigan,1993.0,9560.0,1475.0,93.0,15.4,0.97,MI
Michigan,1994.0,9519.0,1347.0,89.0,14.1,0.94,MI
Michigan,1995.0,9637.0,1174.0,100.0,12.2,1.04,MI
Michigan,1996.0,9572.0,1068.0,101.0,11.2,1.0,MI
Michigan,1997.0,9783.0,1006.0,98.0,10.3,0.95,MI
Michigan,1998.0,10012.0,1097.0,103.0,11.0,0.97,MI
Michigan,1999.0,10052.0,978.0,97.0,9.7,0.92,MI
Michigan,2000.0,9813.0,967.0,71.0,9.9,0.69,MI
Michigan,2001.0,9880.0,927.0,70.0,9.4,0.67,MI
Michigan,2002.0,9897.0,1152.0,78.0,11.6,0.74,MI
Michigan,2003.0,9893.0,1125.0,77.0,11.4,0.73,MI
Michigan,2004.0,9939.0,1318.0,81.0,13.3,0.82,MI
Michigan,2005.0,9964.0,1196.0,78.0,12.0,0.78,MI
Michigan,2006.0,9953.0,1323.0,81.0,13.3,0.82,MI
Michigan,2007.0,9919.0,1076.0,74.0,10.8,0.75,MI
Michigan,2008.0,9806.0,1273.0,80.0,13.0,0.81,MI
Michigan,2009.0,9797.0,1376.0,83.0,14.0,0.84,MI
Michigan,2010.0,9751.0,1530.0,110.0,15.7,1.12,MI
Michigan,2011.0,9689.0,1449.0,100.0,15.0,1.03,MI
Michigan,2012.0,9731.45672,1331.287798,95.37905507,13.68025195,0.980116895,MI
Michigan,2013.0,9840.133334,1428.268316,117.6139591,14.51472524,1.195247616,MI
Michigan,2014.0,9893.0,1462.0,90.0,14.777,0.91,MI
Minnesota,1980.0,3920.0,342.0,52.0,8.7,1.3,MN
Minnesota,1981.0,4034.0,438.0,59.0,10.9,1.4,MN
Minnesota,1982.0,4120.0,546.0,66.0,13.3,1.5,MN
Minnesota,1983.0,4138.0,502.0,72.0,12.1,1.63,MN
Minnesota,1984.0,4164.0,381.0,55.0,9.1,1.3,MN
Minnesota,1985.0,4146.0,523.0,73.0,12.6,1.8,MN
Minnesota,1986.0,4131.0,517.0,73.0,12.5,1.8,MN
Minnesota,1987.0,4294.0,484.0,72.0,11.3,1.7,MN
Minnesota,1988.0,4421.0,514.0,74.0,11.6,1.7,MN
Minnesota,1989.0,4268.0,478.0,73.0,11.2,1.7,MN
Minnesota,1990.0,4366.0,524.0,76.0,12.0,1.7,MN
Minnesota,1991.0,4384.0,564.0,78.0,12.9,1.8,MN
Minnesota,1992.0,4318.0,561.0,78.0,13.0,1.8,MN
Minnesota,1993.0,4354.0,506.0,75.0,11.6,1.71,MN
Minnesota,1994.0,4486.0,523.0,76.0,11.7,1.69,MN
Minnesota,1995.0,4628.0,427.0,67.0,9.2,1.44,MN
Minnesota,1996.0,4690.0,458.0,73.0,9.8,1.47,MN
Minnesota,1997.0,4748.0,457.0,73.0,9.6,1.45,MN
Minnesota,1998.0,4815.0,498.0,76.0,10.3,1.49,MN
Minnesota,1999.0,4868.0,354.0,64.0,7.3,1.26,MN
Minnesota,2000.0,4890.0,276.0,34.0,5.7,0.68,MN
Minnesota,2001.0,4910.0,361.0,39.0,7.4,0.77,MN
Minnesota,2002.0,5044.0,325.0,37.0,6.5,0.72,MN
Minnesota,2003.0,5075.0,376.0,40.0,7.4,0.76,MN
Minnesota,2004.0,5120.0,356.0,43.0,7.0,0.85,MN
Minnesota,2005.0,5113.0,412.0,46.0,8.1,0.91,MN
Minnesota,2006.0,5145.0,422.0,47.0,8.2,0.91,MN
Minnesota,2007.0,5188.0,482.0,50.0,9.3,0.96,MN
Minnesota,2008.0,5120.0,506.0,51.0,9.9,0.99,MN
Minnesota,2009.0,5200.0,576.0,54.0,11.1,1.03,MN
Minnesota,2010.0,5217.0,563.0,43.0,10.8,0.83,MN
Minnesota,2011.0,5276.0,528.0,46.0,10.0,0.88,MN
Minnesota,2012.0,5352.737531,534.1782611,47.48642117,9.979533987,0.896445332,MN
Minnesota,2013.0,5398.05068,648.5745583,60.19346077,12.0149772,1.115096251,MN
Minnesota,2014.0,5417.0,447.0,53.0,8.26,0.98,MN
Mississippi,1980.0,2429.0,591.0,68.0,24.3,2.5,MS
Mississippi,1981.0,2408.0,618.0,70.0,25.7,2.5,MS
Mississippi,1982.0,2454.0,562.0,67.0,22.9,2.4,MS
Mississippi,1983.0,2481.0,669.0,64.0,27.0,2.21,MS
Mississippi,1984.0,2504.0,628.0,71.0,25.1,2.4,MS
Mississippi,1985.0,2564.0,644.0,53.0,25.1,2.1,MS
Mississippi,1986.0,2610.0,695.0,55.0,26.6,2.1,MS
Mississippi,1987.0,2553.0,637.0,56.0,25.0,2.2,MS
Mississippi,1988.0,2588.0,704.0,58.0,27.2,2.2,MS
Mississippi,1989.0,2574.0,566.0,53.0,22.0,2.0,MS
Mississippi,1990.0,2663.0,684.0,56.0,25.7,2.1,MS
Mississippi,1991.0,2681.0,635.0,55.0,23.7,2.1,MS
Mississippi,1992.0,2725.0,671.0,56.0,24.6,2.07,MS
Mississippi,1993.0,2584.0,639.0,55.0,24.7,2.12,MS
Mississippi,1994.0,2587.0,515.0,51.0,19.9,1.97,MS
Mississippi,1995.0,2685.0,630.0,56.0,23.5,2.11,MS
Mississippi,1996.0,2797.0,575.0,62.0,20.6,1.97,MS
Mississippi,1997.0,2731.0,455.0,55.0,16.7,1.84,MS
Mississippi,1998.0,2758.0,486.0,57.0,17.6,1.87,MS
Mississippi,1999.0,2755.0,446.0,54.0,16.2,1.81,MS
Mississippi,2000.0,2794.0,418.0,39.0,14.9,1.3,MS
Mississippi,2001.0,2794.0,539.0,45.0,19.3,1.44,MS
Mississippi,2002.0,2785.0,513.0,44.0,18.4,1.41,MS
Mississippi,2003.0,2851.0,456.0,41.0,16.0,1.32,MS
Mississippi,2004.0,2862.0,536.0,40.0,18.7,1.41,MS
Mississippi,2005.0,2843.0,571.0,41.0,20.1,1.46,MS
Mississippi,2006.0,2887.0,596.0,42.0,20.6,1.46,MS
Mississippi,2007.0,2895.0,655.0,44.0,22.6,1.51,MS
Mississippi,2008.0,2900.0,525.0,40.0,18.1,1.39,MS
Mississippi,2009.0,2847.0,658.0,44.0,23.1,1.53,MS
Mississippi,2010.0,2920.0,658.0,44.0,22.5,1.48,MS
Mississippi,2011.0,2932.0,510.0,40.0,17.4,1.39,MS
Mississippi,2012.0,2893.36143,635.5870258,54.71027705,21.9670802,1.886965092,MS
Mississippi,2013.0,2918.182598,657.4492191,57.02821577,22.52940647,1.954237401,MS
Mississippi,2014.0,2961.0,654.0,37.0,22.094,1.246,MS
Missouri,1980.0,4800.0,625.0,70.0,13.0,1.4,MO
Missouri,1981.0,4814.0,634.0,71.0,13.2,1.4,MO
Missouri,1982.0,4798.0,699.0,74.0,14.6,1.4,MO
Missouri,1983.0,4837.0,807.0,90.0,16.7,1.71,MO
Missouri,1984.0,4958.0,720.0,76.0,14.5,1.4,MO
Missouri,1985.0,5011.0,689.0,91.0,13.7,1.8,MO
Missouri,1986.0,4998.0,722.0,93.0,14.4,1.9,MO
Missouri,1987.0,5100.0,716.0,85.0,14.0,1.7,MO
Missouri,1988.0,5201.0,662.0,93.0,12.7,1.8,MO
Missouri,1989.0,5193.0,654.0,92.0,12.6,1.8,MO
Missouri,1990.0,5238.0,700.0,95.0,13.4,1.8,MO
Missouri,1991.0,4993.0,740.0,97.0,14.8,1.9,MO
Missouri,1992.0,5062.0,795.0,100.0,15.7,1.98,MO
Missouri,1993.0,5185.0,832.0,102.0,16.1,1.97,MO
Missouri,1994.0,5107.0,797.0,100.0,15.6,1.96,MO
Missouri,1995.0,5140.0,484.0,79.0,9.4,1.54,MO
Missouri,1996.0,5268.0,500.0,84.0,9.5,1.52,MO
Missouri,1997.0,5315.0,627.0,94.0,11.8,1.67,MO
Missouri,1998.0,5399.0,531.0,87.0,9.8,1.53,MO
Missouri,1999.0,5511.0,647.0,96.0,11.7,1.63,MO
Missouri,2000.0,5517.0,505.0,51.0,9.2,0.87,MO
Missouri,2001.0,5513.0,537.0,52.0,9.7,0.9,MO
Missouri,2002.0,5581.0,551.0,53.0,9.9,0.9,MO
Missouri,2003.0,5606.0,602.0,55.0,10.7,0.93,MO
Missouri,2004.0,5609.0,686.0,60.0,12.2,1.06,MO
Missouri,2005.0,5697.0,659.0,58.0,11.6,1.03,MO
Missouri,2006.0,5797.0,659.0,58.0,11.4,1.01,MO
Missouri,2007.0,5783.0,742.0,62.0,12.8,1.06,MO
Missouri,2008.0,5861.0,780.0,63.0,13.3,1.07,MO
Missouri,2009.0,5963.0,926.0,68.0,15.5,1.14,MO
Missouri,2010.0,5929.0,890.0,79.0,15.0,1.36,MO
Missouri,2011.0,5892.0,910.0,98.0,15.4,1.65,MO
Missouri,2012.0,5956.017575,905.4695015,86.10233977,15.20259956,1.475400587,MO
Missouri,2013.0,5997.259657,824.3788551,90.31939626,13.74592568,1.506011102,MO
Missouri,2014.0,5950.0,620.0,54.0,10.414,0.914,MO
Montana,1980.0,774.0,102.0,29.0,13.2,3.4,MT
Montana,1981.0,813.0,107.0,29.0,13.1,3.3,MT
Montana,1982.0,793.0,134.0,33.0,17.0,3.8,MT
Montana,1983.0,810.0,125.0,17.0,15.4,1.93,MT
Montana,1984.0,836.0,115.0,30.0,13.8,3.4,MT
Montana,1985.0,835.0,134.0,15.0,16.0,1.7,MT
Montana,1986.0,823.0,136.0,15.0,16.5,1.8,MT
Montana,1987.0,798.0,144.0,16.0,18.0,2.0,MT
Montana,1988.0,795.0,116.0,14.0,14.6,1.8,MT
Montana,1989.0,816.0,127.0,15.0,15.6,1.8,MT
Montana,1990.0,820.0,134.0,15.0,16.3,1.9,MT
Montana,1991.0,822.0,127.0,15.0,15.4,1.8,MT
Montana,1992.0,855.0,118.0,15.0,13.8,1.71,MT
Montana,1993.0,850.0,127.0,15.0,14.9,1.77,MT
Montana,1994.0,844.0,97.0,13.0,11.5,1.59,MT
Montana,1995.0,870.0,133.0,15.0,15.3,1.76,MT
Montana,1996.0,908.0,155.0,18.0,17.0,1.8,MT
Montana,1997.0,892.0,139.0,17.0,15.6,1.75,MT
Montana,1998.0,922.0,153.0,18.0,16.6,1.76,MT
Montana,1999.0,891.0,141.0,17.0,15.8,1.76,MT
Montana,2000.0,888.0,126.0,12.0,14.1,1.29,MT
Montana,2001.0,891.0,119.0,12.0,13.3,1.25,MT
Montana,2002.0,902.0,122.0,12.0,13.5,1.25,MT
Montana,2003.0,915.0,139.0,13.0,15.1,1.31,MT
Montana,2004.0,908.0,129.0,12.0,14.2,1.3,MT
Montana,2005.0,926.0,128.0,12.0,13.8,1.28,MT
Montana,2006.0,930.0,125.0,12.0,13.5,1.26,MT
Montana,2007.0,938.0,122.0,12.0,13.0,1.23,MT
Montana,2008.0,973.0,125.0,12.0,12.9,1.21,MT
Montana,2009.0,971.0,131.0,12.0,13.5,1.23,MT
Montana,2010.0,979.0,142.0,17.0,14.5,1.8,MT
Montana,2011.0,986.0,163.0,16.0,16.5,1.64,MT
Montana,2012.0,998.7199858,134.069171,15.02011444,13.42410014,1.476799025,MT
Montana,2013.0,998.2026341,145.1353515,19.93919029,14.53966825,1.997509284,MT
Montana,2014.0,1008.0,121.0,13.0,12.022,1.334,MT
Nebraska,1980.0,1532.0,199.0,40.0,13.0,2.4,NE
Nebraska,1981.0,1579.0,221.0,42.0,14.0,2.5,NE
Nebraska,1982.0,1582.0,216.0,41.0,13.6,2.4,NE
Nebraska,1983.0,1577.0,240.0,33.0,15.2,1.94,NE
Nebraska,1984.0,1608.0,213.0,41.0,13.3,2.4,NE
Nebraska,1985.0,1589.0,235.0,27.0,14.8,1.7,NE
Nebraska,1986.0,1617.0,220.0,26.0,13.6,1.6,NE
Nebraska,1987.0,1610.0,191.0,26.0,11.9,1.6,NE
Nebraska,1988.0,1600.0,164.0,24.0,10.3,1.5,NE
Nebraska,1989.0,1602.0,204.0,26.0,12.8,1.6,NE
Nebraska,1990.0,1617.0,167.0,24.0,10.3,1.5,NE
Nebraska,1991.0,1661.0,157.0,23.0,9.5,1.4,NE
Nebraska,1992.0,1606.0,169.0,24.0,10.6,1.51,NE
Nebraska,1993.0,1641.0,169.0,24.0,10.3,1.48,NE
Nebraska,1994.0,1648.0,146.0,23.0,8.8,1.38,NE
Nebraska,1995.0,1648.0,159.0,25.0,9.6,1.52,NE
Nebraska,1996.0,1666.0,169.0,27.0,10.2,1.55,NE
Nebraska,1997.0,1658.0,163.0,27.0,9.8,1.53,NE
Nebraska,1998.0,1713.0,211.0,30.0,12.3,1.66,NE
Nebraska,1999.0,1683.0,184.0,28.0,11.0,1.59,NE
Nebraska,2000.0,1679.0,145.0,16.0,8.6,0.92,NE
Nebraska,2001.0,1680.0,158.0,17.0,9.4,0.95,NE
Nebraska,2002.0,1700.0,181.0,18.0,10.6,1.0,NE
Nebraska,2003.0,1725.0,168.0,17.0,9.8,0.96,NE
Nebraska,2004.0,1724.0,163.0,19.0,9.5,1.1,NE
Nebraska,2005.0,1760.0,167.0,19.0,9.5,1.09,NE
Nebraska,2006.0,1765.0,180.0,20.0,10.2,1.12,NE
Nebraska,2007.0,1751.0,174.0,20.0,9.9,1.11,NE
Nebraska,2008.0,1774.0,188.0,20.0,10.6,1.14,NE
Nebraska,2009.0,1778.0,176.0,20.0,9.9,1.1,NE
Nebraska,2010.0,1804.0,184.0,20.0,10.2,1.15,NE
Nebraska,2011.0,1823.0,187.0,22.0,10.2,1.25,NE
Nebraska,2012.0,1848.80141,226.3179617,24.68001926,12.24133433,1.325742844,NE
Nebraska,2013.0,1838.460396,202.3238495,23.1893366,11.00506979,1.261345453,NE
Nebraska,2014.0,1873.0,221.0,23.0,11.776,1.211,NE
Nevada,1980.0,840.0,70.0,24.0,8.3,2.7,NV
Nevada,1981.0,884.0,93.0,27.0,10.5,2.9,NV
Nevada,1982.0,897.0,70.0,24.0,7.8,2.5,NV
Nevada,1983.0,885.0,86.0,16.0,9.7,1.73,NV
Nevada,1984.0,962.0,101.0,28.0,10.5,2.8,NV
Nevada,1985.0,968.0,139.0,20.0,14.4,2.0,NV
Nevada,1986.0,1010.0,82.0,16.0,8.1,1.5,NV
Nevada,1987.0,1026.0,107.0,18.0,10.4,1.8,NV
Nevada,1988.0,1084.0,93.0,17.0,8.6,1.6,NV
Nevada,1989.0,1127.0,121.0,19.0,10.8,1.7,NV
Nevada,1990.0,1218.0,119.0,19.0,9.8,1.6,NV
Nevada,1991.0,1237.0,141.0,21.0,11.4,1.7,NV
Nevada,1992.0,1353.0,199.0,24.0,14.7,1.78,NV
Nevada,1993.0,1444.0,141.0,21.0,9.8,1.44,NV
Nevada,1994.0,1521.0,168.0,22.0,11.1,1.49,NV
Nevada,1995.0,1558.0,173.0,26.0,11.1,1.7,NV
Nevada,1996.0,1634.0,133.0,25.0,8.1,1.45,NV
Nevada,1997.0,1723.0,190.0,29.0,11.0,1.61,NV
Nevada,1998.0,1845.0,195.0,30.0,10.6,1.53,NV
Nevada,1999.0,2033.0,229.0,32.0,11.3,1.5,NV
Nevada,2000.0,2045.0,180.0,19.0,8.8,0.88,NV
Nevada,2001.0,2129.0,152.0,17.0,7.1,0.78,NV
Nevada,2002.0,2114.0,188.0,19.0,8.9,0.86,NV
Nevada,2003.0,2242.0,244.0,22.0,10.9,0.92,NV
Nevada,2004.0,2385.0,260.0,29.0,10.9,1.2,NV
Nevada,2005.0,2447.0,260.0,29.0,10.6,1.17,NV
Nevada,2006.0,2530.0,241.0,28.0,9.5,1.1,NV
Nevada,2007.0,2566.0,250.0,28.0,9.7,1.1,NV
Nevada,2008.0,2581.0,278.0,30.0,10.8,1.15,NV
Nevada,2009.0,2629.0,343.0,32.0,13.0,1.24,NV
Nevada,2010.0,2696.0,446.0,35.0,16.6,1.31,NV
Nevada,2011.0,2682.0,414.0,34.0,15.5,1.26,NV
Nevada,2012.0,2734.723543,432.9600839,32.34928835,15.83195073,1.180144161,NV
Nevada,2013.0,2759.801508,480.448817,51.55411926,17.40881783,1.868037216,NV
Nevada,2014.0,2819.0,478.0,45.0,16.961,1.582,NV
New Hampshire,1980.0,907.0,63.0,22.0,7.0,2.4,NH
New Hampshire,1981.0,929.0,70.0,24.0,7.6,2.4,NH
New Hampshire,1982.0,943.0,97.0,28.0,10.3,2.8,NH
New Hampshire,1983.0,938.0,76.0,15.0,8.1,1.57,NH
New Hampshire,1984.0,958.0,68.0,23.0,7.1,2.3,NH
New Hampshire,1985.0,988.0,59.0,14.0,6.0,1.5,NH
New Hampshire,1986.0,1002.0,37.0,11.0,3.7,1.1,NH
New Hampshire,1987.0,1054.0,51.0,13.0,4.8,1.2,NH
New Hampshire,1988.0,1089.0,73.0,16.0,6.7,1.4,NH
New Hampshire,1989.0,1100.0,84.0,17.0,7.7,1.6,NH
New Hampshire,1990.0,1085.0,68.0,16.0,6.3,1.5,NH
New Hampshire,1991.0,1107.0,81.0,17.0,7.3,1.5,NH
New Hampshire,1992.0,1114.0,97.0,19.0,8.7,1.67,NH
New Hampshire,1993.0,1131.0,112.0,20.0,9.9,1.76,NH
New Hampshire,1994.0,1131.0,87.0,18.0,7.7,1.57,NH
New Hampshire,1995.0,1139.0,60.0,15.0,5.3,1.32,NH
New Hampshire,1996.0,1142.0,73.0,17.0,6.4,1.44,NH
New Hampshire,1997.0,1197.0,109.0,21.0,9.1,1.65,NH
New Hampshire,1998.0,1216.0,119.0,22.0,9.8,1.69,NH
New Hampshire,1999.0,1255.0,96.0,19.0,7.6,1.49,NH
New Hampshire,2000.0,1231.0,56.0,8.0,4.5,0.62,NH
New Hampshire,2001.0,1254.0,81.0,9.0,6.5,0.73,NH
New Hampshire,2002.0,1264.0,73.0,9.0,5.8,0.69,NH
New Hampshire,2003.0,1263.0,73.0,9.0,5.8,0.69,NH
New Hampshire,2004.0,1291.0,71.0,11.0,5.5,0.85,NH
New Hampshire,2005.0,1298.0,73.0,11.0,5.6,0.86,NH
New Hampshire,2006.0,1308.0,71.0,11.0,5.4,0.84,NH
New Hampshire,2007.0,1312.0,76.0,11.0,5.8,0.87,NH
New Hampshire,2008.0,1300.0,91.0,12.0,7.0,0.95,NH
New Hampshire,2009.0,1313.0,103.0,13.0,7.8,0.99,NH
New Hampshire,2010.0,1294.0,84.0,8.0,6.5,0.65,NH
New Hampshire,2011.0,1300.0,99.0,12.0,7.6,0.89,NH
New Hampshire,2012.0,1308.410564,106.4014631,10.52699088,8.132115867,0.80819365,NH
New Hampshire,2013.0,1317.336901,118.7785707,11.94025779,9.016567485,0.906393633,NH
New Hampshire,2014.0,1318.0,95.0,11.0,7.2,0.835,NH
New Jersey,1980.0,7316.0,659.0,72.0,9.0,0.9,NJ
New Jersey,1981.0,7331.0,736.0,76.0,10.0,1.0,NJ
New Jersey,1982.0,7367.0,896.0,84.0,12.2,1.1,NJ
New Jersey,1983.0,7451.0,828.0,89.0,11.1,1.13,NJ
New Jersey,1984.0,7511.0,758.0,78.0,10.1,1.0,NJ
New Jersey,1985.0,7608.0,631.0,56.0,8.3,0.7,NJ
New Jersey,1986.0,7624.0,679.0,58.0,8.9,1.1,NJ
New Jersey,1987.0,7503.0,626.0,58.0,8.3,0.8,NJ
New Jersey,1988.0,7628.0,475.0,50.0,6.2,0.7,NJ
New Jersey,1989.0,7623.0,622.0,58.0,8.2,0.8,NJ
New Jersey,1990.0,7741.0,711.0,61.0,9.2,0.8,NJ
New Jersey,1991.0,7736.0,754.0,63.0,9.7,0.8,NJ
New Jersey,1992.0,7803.0,803.0,65.0,10.3,0.83,NJ
New Jersey,1993.0,7968.0,866.0,67.0,10.9,0.84,NJ
New Jersey,1994.0,7920.0,730.0,62.0,9.2,0.78,NJ
New Jersey,1995.0,7879.0,617.0,70.0,7.8,0.88,NJ
New Jersey,1996.0,7858.0,726.0,78.0,9.2,0.95,NJ
New Jersey,1997.0,7967.0,737.0,79.0,9.3,0.95,NJ
New Jersey,1998.0,8072.0,693.0,77.0,8.6,0.91,NJ
New Jersey,1999.0,8232.0,646.0,74.0,7.8,0.86,NJ
New Jersey,2000.0,8384.0,612.0,54.0,7.3,0.62,NJ
New Jersey,2001.0,8456.0,683.0,57.0,8.1,0.65,NJ
New Jersey,2002.0,8585.0,681.0,57.0,7.9,0.64,NJ
New Jersey,2003.0,8574.0,741.0,60.0,8.6,0.67,NJ
New Jersey,2004.0,8652.0,693.0,61.0,8.0,0.71,NJ
New Jersey,2005.0,8692.0,592.0,57.0,6.8,0.66,NJ
New Jersey,2006.0,8650.0,762.0,64.0,8.8,0.74,NJ
New Jersey,2007.0,8548.0,742.0,63.0,8.7,0.74,NJ
New Jersey,2008.0,8515.0,787.0,65.0,9.2,0.76,NJ
New Jersey,2009.0,8660.0,806.0,66.0,9.3,0.76,NJ
New Jersey,2010.0,8733.0,966.0,89.0,11.1,1.01,NJ
New Jersey,2011.0,8642.0,988.0,76.0,11.4,0.88,NJ
New Jersey,2012.0,8719.822828,813.704183,72.88619596,9.331659588,0.831392288,NJ
New Jersey,2013.0,8841.978658,984.2052398,119.7732768,11.13105197,1.354598122,NJ
New Jersey,2014.0,8938.0,1013.0,90.0,11.334,1.009,NJ
New Mexico,1980.0,1304.0,268.0,46.0,20.6,3.2,NM
New Mexico,1981.0,1303.0,243.0,44.0,18.6,3.0,NM
New Mexico,1982.0,1355.0,303.0,49.0,22.4,3.2,NM
New Mexico,1983.0,1385.0,340.0,36.0,24.5,2.23,NM
New Mexico,1984.0,1437.0,280.0,47.0,19.5,2.9,NM
New Mexico,1985.0,1447.0,267.0,28.0,18.5,2.0,NM
New Mexico,1986.0,1434.0,306.0,30.0,21.3,2.1,NM
New Mexico,1987.0,1443.0,280.0,29.0,19.4,2.0,NM
New Mexico,1988.0,1495.0,343.0,31.0,23.0,2.1,NM
New Mexico,1989.0,1519.0,297.0,31.0,19.5,2.0,NM
New Mexico,1990.0,1524.0,319.0,31.0,20.9,2.1,NM
New Mexico,1991.0,1554.0,349.0,32.0,22.4,2.1,NM
New Mexico,1992.0,1611.0,348.0,32.0,21.6,2.02,NM
New Mexico,1993.0,1623.0,282.0,30.0,17.4,1.86,NM
New Mexico,1994.0,1685.0,356.0,33.0,21.1,1.96,NM
New Mexico,1995.0,1806.0,457.0,37.0,25.3,2.08,NM
New Mexico,1996.0,1847.0,472.0,44.0,25.5,2.07,NM
New Mexico,1997.0,1823.0,387.0,40.0,21.2,1.95,NM
New Mexico,1998.0,1823.0,371.0,39.0,20.4,1.92,NM
New Mexico,1999.0,1831.0,383.0,40.0,20.9,1.94,NM
New Mexico,2000.0,1790.0,312.0,29.0,17.5,1.49,NM
New Mexico,2001.0,1795.0,323.0,30.0,18.0,1.5,NM
New Mexico,2002.0,1837.0,328.0,30.0,17.9,1.48,NM
New Mexico,2003.0,1867.0,338.0,30.0,18.1,1.48,NM
New Mexico,2004.0,1899.0,314.0,28.0,16.5,1.49,NM
New Mexico,2005.0,1938.0,347.0,29.0,17.9,1.52,NM
New Mexico,2006.0,1939.0,328.0,29.0,16.9,1.49,NM
New Mexico,2007.0,1941.0,271.0,27.0,14.0,1.38,NM
New Mexico,2008.0,1977.0,381.0,31.0,19.3,1.55,NM
New Mexico,2009.0,1971.0,381.0,31.0,19.3,1.56,NM
New Mexico,2010.0,2033.0,372.0,30.0,18.3,1.52,NM
New Mexico,2011.0,2037.0,451.0,36.0,22.2,1.78,NM
New Mexico,2012.0,2064.447884,420.480017,44.10464477,20.3676741,2.141715217,NM
New Mexico,2013.0,2098.545393,454.3699438,46.05074063,21.65166145,2.194412415,NM
New Mexico,2014.0,2030.0,406.0,33.0,19.976,1.617,NM
New York,1980.0,17321.0,2391.0,137.0,13.8,0.7,NY
New York,1981.0,17471.0,2516.0,141.0,14.4,0.7,NY
New York,1982.0,17656.0,2607.0,143.0,14.8,0.8,NY
New York,1983.0,17576.0,2817.0,165.0,16.0,0.86,NY
New York,1984.0,17560.0,2806.0,149.0,16.0,0.8,NY
New York,1985.0,17668.0,2796.0,130.0,15.8,0.7,NY
New York,1986.0,17585.0,2322.0,120.0,13.2,0.7,NY
New York,1987.0,17470.0,2506.0,128.0,14.3,0.7,NY
New York,1988.0,17635.0,2369.0,157.0,13.4,0.9,NY
New York,1989.0,17938.0,2254.0,122.0,12.6,0.7,NY
New York,1990.0,18038.0,2571.0,129.0,14.3,0.7,NY
New York,1991.0,17914.0,2736.0,133.0,15.3,0.7,NY
New York,1992.0,17975.0,2820.0,134.0,15.7,0.75,NY
New York,1993.0,18218.0,2981.0,137.0,16.4,0.76,NY
New York,1994.0,18213.0,3097.0,140.0,17.0,0.77,NY
New York,1995.0,18258.0,3020.0,153.0,16.5,0.84,NY
New York,1996.0,18345.0,3058.0,167.0,16.7,0.84,NY
New York,1997.0,18103.0,2979.0,165.0,16.5,0.84,NY
New York,1998.0,18370.0,3068.0,167.0,16.7,0.84,NY
New York,1999.0,18855.0,2676.0,156.0,14.2,0.77,NY
New York,2000.0,18752.0,2604.0,118.0,13.9,0.59,NY
New York,2001.0,18783.0,2664.0,119.0,14.2,0.59,NY
New York,2002.0,19224.0,2690.0,120.0,14.0,0.58,NY
New York,2003.0,18922.0,2707.0,120.0,14.3,0.59,NY
New York,2004.0,19010.0,2847.0,122.0,15.0,0.64,NY
New York,2005.0,18995.0,2760.0,121.0,14.5,0.64,NY
New York,2006.0,19021.0,2668.0,119.0,14.0,0.63,NY
New York,2007.0,19021.0,2757.0,121.0,14.5,0.63,NY
New York,2008.0,19309.0,2734.0,120.0,14.2,0.62,NY
New York,2009.0,19158.0,3018.0,125.0,15.8,0.65,NY
New York,2010.0,19116.0,3062.0,147.0,16.0,0.77,NY
New York,2011.0,19329.0,3085.0,144.0,16.0,0.74,NY
New York,2012.0,19297.53293,3328.03586,130.9407775,17.24591362,0.681567646,NY
New York,2013.0,19487.81001,2825.319766,163.6583218,14.49788234,0.839798427,NY
New York,2014.0,19658.0,2755.0,144.0,14.017,0.733,NY
North Carolina,1980.0,5836.0,877.0,83.0,15.0,1.3,NC
North Carolina,1981.0,5820.0,1016.0,90.0,17.5,1.4,NC
North Carolina,1982.0,5928.0,1201.0,97.0,20.3,1.5,NC
North Carolina,1983.0,5890.0,933.0,102.0,15.8,1.59,NC
North Carolina,1984.0,5900.0,860.0,83.0,14.6,1.3,NC
North Carolina,1985.0,6073.0,863.0,57.0,14.2,0.9,NC
North Carolina,1986.0,6178.0,884.0,58.0,14.3,0.9,NC
North Carolina,1987.0,6183.0,853.0,59.0,13.8,0.9,NC
North Carolina,1988.0,6312.0,796.0,57.0,12.6,0.9,NC
North Carolina,1989.0,6301.0,770.0,56.0,12.2,0.9,NC
North Carolina,1990.0,6377.0,829.0,58.0,13.0,0.9,NC
North Carolina,1991.0,6641.0,964.0,62.0,14.5,0.9,NC
North Carolina,1992.0,6813.0,1080.0,65.0,15.8,0.95,NC
North Carolina,1993.0,6732.0,966.0,62.0,14.4,0.92,NC
North Carolina,1994.0,6895.0,980.0,62.0,14.2,0.91,NC
North Carolina,1995.0,6935.0,877.0,86.0,12.6,1.25,NC
North Carolina,1996.0,7254.0,885.0,93.0,12.2,1.2,NC
North Carolina,1997.0,7345.0,839.0,90.0,11.4,1.16,NC
North Carolina,1998.0,7412.0,1039.0,101.0,14.0,1.26,NC
North Carolina,1999.0,7766.0,1069.0,102.0,13.8,1.22,NC
North Carolina,2000.0,7983.0,1000.0,76.0,12.5,0.89,NC
North Carolina,2001.0,8084.0,1013.0,76.0,12.5,0.88,NC
North Carolina,2002.0,8146.0,1165.0,82.0,14.3,0.93,NC
North Carolina,2003.0,8223.0,1289.0,86.0,15.7,0.96,NC
North Carolina,2004.0,8421.0,1229.0,79.0,14.6,0.93,NC
North Carolina,2005.0,8538.0,1115.0,75.0,13.1,0.88,NC
North Carolina,2006.0,8847.0,1225.0,79.0,13.8,0.89,NC
North Carolina,2007.0,9170.0,1423.0,84.0,15.5,0.92,NC
North Carolina,2008.0,9234.0,1285.0,80.0,13.9,0.87,NC
North Carolina,2009.0,9336.0,1576.0,88.0,16.9,0.94,NC
North Carolina,2010.0,9359.0,1633.0,90.0,17.4,0.96,NC
North Carolina,2011.0,9504.0,1459.0,130.0,15.4,1.39,NC
North Carolina,2012.0,9633.950718,1652.261623,125.531017,17.1504056,1.340329754,NC
North Carolina,2013.0,9618.90033,1792.875174,161.1832469,18.63908672,1.675693076,NC
North Carolina,2014.0,9823.0,1678.0,117.0,17.082,1.187,NC
North Dakota,1980.0,640.0,99.0,28.0,15.5,4.0,ND
North Dakota,1981.0,626.0,89.0,27.0,14.2,3.9,ND
North Dakota,1982.0,658.0,85.0,26.0,12.9,3.7,ND
North Dakota,1983.0,685.0,103.0,14.0,15.0,1.91,ND
North Dakota,1984.0,683.0,106.0,29.0,15.4,3.9,ND
North Dakota,1985.0,681.0,108.0,11.0,15.9,1.7,ND
North Dakota,1986.0,651.0,88.0,10.0,13.5,1.6,ND
North Dakota,1987.0,655.0,75.0,10.0,11.4,1.6,ND
North Dakota,1988.0,654.0,76.0,10.0,11.6,1.6,ND
North Dakota,1989.0,642.0,79.0,10.0,12.2,1.6,ND
North Dakota,1990.0,635.0,87.0,11.0,13.7,1.7,ND
North Dakota,1991.0,635.0,92.0,11.0,14.5,1.7,ND
North Dakota,1992.0,616.0,74.0,10.0,12.1,1.62,ND
North Dakota,1993.0,625.0,70.0,10.0,11.2,1.55,ND
North Dakota,1994.0,627.0,65.0,9.0,10.4,1.5,ND
North Dakota,1995.0,635.0,76.0,11.0,12.0,1.66,ND
North Dakota,1996.0,628.0,69.0,11.0,11.0,1.61,ND
North Dakota,1997.0,638.0,87.0,12.0,13.6,1.75,ND
North Dakota,1998.0,644.0,97.0,13.0,15.1,1.82,ND
North Dakota,1999.0,621.0,81.0,12.0,13.1,1.75,ND
North Dakota,2000.0,622.0,65.0,6.0,10.4,0.97,ND
North Dakota,2001.0,620.0,86.0,7.0,13.8,1.1,ND
North Dakota,2002.0,632.0,73.0,7.0,11.6,1.01,ND
North Dakota,2003.0,631.0,61.0,6.0,9.7,0.94,ND
North Dakota,2004.0,627.0,61.0,7.0,9.7,1.09,ND
North Dakota,2005.0,625.0,70.0,7.0,11.2,1.16,ND
North Dakota,2006.0,615.0,70.0,7.0,11.4,1.18,ND
North Dakota,2007.0,614.0,57.0,7.0,9.3,1.08,ND
North Dakota,2008.0,625.0,74.0,7.0,11.8,1.19,ND
North Dakota,2009.0,632.0,69.0,7.0,10.9,1.14,ND
North Dakota,2010.0,653.0,82.0,6.0,12.6,0.87,ND
North Dakota,2011.0,675.0,67.0,10.0,9.9,1.42,ND
North Dakota,2012.0,692.3290766,78.7765498,7.379248115,11.37848351,1.063039397,ND
North Dakota,2013.0,710.6836417,70.5048282,10.22310382,9.920705088,1.438488692,ND
North Dakota,2014.0,731.0,71.0,5.0,9.673,0.737,ND
Ohio,1980.0,10630.0,1046.0,91.0,9.8,0.8,OH
Ohio,1981.0,10751.0,1369.0,104.0,12.7,0.9,OH
Ohio,1982.0,10711.0,1366.0,104.0,12.8,0.9,OH
Ohio,1983.0,10681.0,1434.0,121.0,13.4,1.05,OH
Ohio,1984.0,10619.0,1429.0,106.0,13.5,0.9,OH
Ohio,1985.0,10629.0,1359.0,94.0,12.8,0.9,OH
Ohio,1986.0,10703.0,1372.0,94.0,12.8,0.9,OH
Ohio,1987.0,10799.0,1375.0,97.0,12.7,0.9,OH
Ohio,1988.0,10903.0,1356.0,96.0,12.4,0.9,OH
Ohio,1989.0,10754.0,1143.0,90.0,10.6,0.8,OH
Ohio,1990.0,10890.0,1256.0,94.0,11.5,0.9,OH
Ohio,1991.0,11061.0,1488.0,101.0,13.4,0.9,OH
Ohio,1992.0,11175.0,1398.0,98.0,12.5,0.88,OH
Ohio,1993.0,11264.0,1461.0,100.0,13.0,0.89,OH
Ohio,1994.0,11139.0,1571.0,103.0,14.1,0.93,OH
Ohio,1995.0,11211.0,1285.0,110.0,11.5,0.98,OH
Ohio,1996.0,11254.0,1424.0,122.0,12.7,1.02,OH
Ohio,1997.0,11212.0,1231.0,114.0,11.0,0.96,OH
Ohio,1998.0,11201.0,1253.0,115.0,11.2,0.97,OH
Ohio,1999.0,11223.0,1343.0,119.0,12.0,1.0,OH
Ohio,2000.0,11160.0,1117.0,80.0,10.0,0.68,OH
Ohio,2001.0,11178.0,1174.0,82.0,10.5,0.69,OH
Ohio,2002.0,11253.0,1099.0,79.0,9.8,0.67,OH
Ohio,2003.0,11227.0,1226.0,83.0,10.9,0.7,OH
Ohio,2004.0,11259.0,1304.0,81.0,11.6,0.72,OH
Ohio,2005.0,11310.0,1392.0,84.0,12.3,0.74,OH
Ohio,2006.0,11297.0,1371.0,83.0,12.1,0.74,OH
Ohio,2007.0,11280.0,1446.0,85.0,12.8,0.76,OH
Ohio,2008.0,11386.0,1557.0,88.0,13.7,0.77,OH
Ohio,2009.0,11441.0,1526.0,87.0,13.3,0.76,OH
Ohio,2010.0,11341.0,1746.0,118.0,15.4,1.06,OH
Ohio,2011.0,11309.0,1708.0,129.0,15.1,1.16,OH
Ohio,2012.0,11398.31921,1750.931345,119.293087,15.36131172,1.057299173,OH
Ohio,2013.0,11468.46163,1571.241497,137.6560607,13.70054283,1.20030101,OH
Ohio,2014.0,11505.0,1792.0,109.0,15.579,0.947,OH
Oklahoma,1980.0,2916.0,406.0,57.0,13.9,1.8,OK
Oklahoma,1981.0,2985.0,413.0,57.0,13.8,1.8,OK
Oklahoma,1982.0,3111.0,478.0,62.0,15.4,1.8,OK
Oklahoma,1983.0,3259.0,553.0,65.0,17.0,1.83,OK
Oklahoma,1984.0,3200.0,426.0,58.0,13.3,1.7,OK
Oklahoma,1985.0,3280.0,526.0,59.0,16.0,1.8,OK
Oklahoma,1986.0,3184.0,469.0,56.0,14.7,1.8,OK
Oklahoma,1987.0,3209.0,547.0,61.0,17.0,1.9,OK
Oklahoma,1988.0,3146.0,543.0,62.0,17.3,2.0,OK
Oklahoma,1989.0,3126.0,460.0,57.0,14.7,1.8,OK
Oklahoma,1990.0,3091.0,481.0,58.0,15.6,1.9,OK
Oklahoma,1991.0,3173.0,541.0,61.0,17.0,1.9,OK
Oklahoma,1992.0,3269.0,607.0,64.0,18.6,1.97,OK
Oklahoma,1993.0,3326.0,662.0,66.0,19.9,2.0,OK
Oklahoma,1994.0,3232.0,540.0,61.0,16.7,1.9,OK
Oklahoma,1995.0,3204.0,548.0,59.0,17.1,1.83,OK
Oklahoma,1996.0,3344.0,556.0,65.0,16.6,1.77,OK
Oklahoma,1997.0,3321.0,456.0,59.0,13.7,1.64,OK
Oklahoma,1998.0,3251.0,458.0,59.0,14.1,1.68,OK
Oklahoma,1999.0,3300.0,424.0,57.0,12.8,1.6,OK
Oklahoma,2000.0,3378.0,503.0,43.0,14.9,1.18,OK
Oklahoma,2001.0,3372.0,508.0,43.0,15.1,1.18,OK
Oklahoma,2002.0,3473.0,489.0,43.0,14.1,1.14,OK
Oklahoma,2003.0,3430.0,440.0,40.0,12.8,1.1,OK
Oklahoma,2004.0,3444.0,373.0,40.0,10.8,1.16,OK
Oklahoma,2005.0,3486.0,543.0,47.0,15.6,1.35,OK
Oklahoma,2006.0,3489.0,531.0,47.0,15.2,1.33,OK
Oklahoma,2007.0,3551.0,476.0,44.0,13.4,1.25,OK
Oklahoma,2008.0,3550.0,484.0,45.0,13.6,1.26,OK
Oklahoma,2009.0,3632.0,468.0,44.0,12.9,1.22,OK
Oklahoma,2010.0,3697.0,603.0,62.0,16.3,1.68,OK
Oklahoma,2011.0,3763.0,522.0,47.0,13.9,1.24,OK
Oklahoma,2012.0,3700.142422,667.621068,45.59067111,18.04311812,1.275049071,OK
Oklahoma,2013.0,3707.986982,518.3941054,79.13936837,13.98047264,2.134294666,OK
Oklahoma,2014.0,3728.0,647.0,51.0,17.345,1.364,OK
Oregon,1980.0,2684.0,309.0,50.0,11.5,1.7,OR
Oregon,1981.0,2693.0,331.0,51.0,12.3,1.8,OR
Oregon,1982.0,2557.0,354.0,53.0,13.9,1.9,OR
Oregon,1983.0,2597.0,419.0,58.0,16.1,2.03,OR
Oregon,1984.0,2593.0,331.0,51.0,12.8,1.8,OR
Oregon,1985.0,2671.0,317.0,49.0,11.9,1.8,OR
Oregon,1986.0,2702.0,332.0,50.0,12.3,1.8,OR
Oregon,1987.0,2709.0,384.0,55.0,14.2,2.0,OR
Oregon,1988.0,2727.0,285.0,48.0,10.4,1.8,OR
Oregon,1989.0,2915.0,327.0,51.0,11.2,1.8,OR
Oregon,1990.0,2891.0,267.0,47.0,9.2,1.6,OR
Oregon,1991.0,2967.0,401.0,56.0,13.5,1.9,OR
Oregon,1992.0,3039.0,346.0,52.0,11.4,1.73,OR
Oregon,1993.0,3077.0,363.0,53.0,11.8,1.75,OR
Oregon,1994.0,3152.0,373.0,54.0,11.8,1.73,OR
Oregon,1995.0,3208.0,360.0,53.0,11.2,1.66,OR
Oregon,1996.0,3234.0,382.0,58.0,11.8,1.7,OR
Oregon,1997.0,3284.0,382.0,58.0,11.6,1.67,OR
Oregon,1998.0,3352.0,503.0,67.0,15.0,1.84,OR
Oregon,1999.0,3421.0,432.0,62.0,12.6,1.7,OR
Oregon,2000.0,3415.0,371.0,36.0,10.9,1.01,OR
Oregon,2001.0,3446.0,408.0,38.0,11.8,1.04,OR
Oregon,2002.0,3503.0,380.0,37.0,10.9,1.0,OR
Oregon,2003.0,3560.0,446.0,40.0,12.5,1.05,OR
Oregon,2004.0,3572.0,421.0,45.0,11.8,1.25,OR
Oregon,2005.0,3619.0,436.0,45.0,12.0,1.25,OR
Oregon,2006.0,3705.0,439.0,45.0,11.8,1.23,OR
Oregon,2007.0,3761.0,481.0,47.0,12.8,1.26,OR
Oregon,2008.0,3806.0,403.0,44.0,10.6,1.15,OR
Oregon,2009.0,3821.0,510.0,49.0,13.4,1.27,OR
Oregon,2010.0,3752.0,537.0,44.0,14.3,1.17,OR
Oregon,2011.0,3850.0,553.0,51.0,14.4,1.33,OR
Oregon,2012.0,3871.574565,522.9974807,39.50015048,13.5086506,1.015692249,OR
Oregon,2013.0,3933.50199,592.5832512,56.30206303,15.06502991,1.431347008,OR
Oregon,2014.0,3955.0,570.0,47.0,14.417,1.198,OR
Pennsylvania,1980.0,11665.0,1142.0,95.0,9.8,0.8,PA
Pennsylvania,1981.0,11738.0,1367.0,104.0,11.6,0.8,PA
Pennsylvania,1982.0,11619.0,1572.0,111.0,13.5,0.9,PA
Pennsylvania,1983.0,11640.0,1797.0,135.0,15.4,1.07,PA
Pennsylvania,1984.0,11722.0,1825.0,120.0,15.6,0.9,PA
Pennsylvania,1985.0,11554.0,1217.0,94.0,10.5,0.8,PA
Pennsylvania,1986.0,11782.0,1190.0,93.0,10.1,0.8,PA
Pennsylvania,1987.0,11770.0,1249.0,98.0,10.6,0.8,PA
Pennsylvania,1988.0,12120.0,1246.0,98.0,10.3,0.8,PA
Pennsylvania,1989.0,12141.0,1261.0,98.0,10.4,0.8,PA
Pennsylvania,1990.0,12097.0,1328.0,100.0,11.0,0.8,PA
Pennsylvania,1991.0,12147.0,1340.0,101.0,11.0,0.8,PA
Pennsylvania,1992.0,12018.0,1425.0,104.0,11.9,0.86,PA
Pennsylvania,1993.0,12073.0,1598.0,109.0,13.2,0.9,PA
Pennsylvania,1994.0,11967.0,1496.0,106.0,12.5,0.88,PA
Pennsylvania,1995.0,12031.0,1464.0,113.0,12.2,0.94,PA
Pennsylvania,1996.0,11889.0,1374.0,117.0,11.6,0.93,PA
Pennsylvania,1997.0,11904.0,1337.0,115.0,11.2,0.91,PA
Pennsylvania,1998.0,11890.0,1338.0,115.0,11.3,0.91,PA
Pennsylvania,1999.0,11948.0,1117.0,105.0,9.3,0.84,PA
Pennsylvania,2000.0,12044.0,1033.0,74.0,8.6,0.59,PA
Pennsylvania,2001.0,12087.0,1158.0,78.0,9.6,0.62,PA
Pennsylvania,2002.0,12168.0,1152.0,78.0,9.5,0.61,PA
Pennsylvania,2003.0,12135.0,1279.0,82.0,10.5,0.64,PA
Pennsylvania,2004.0,12142.0,1383.0,84.0,11.4,0.69,PA
Pennsylvania,2005.0,12237.0,1372.0,84.0,11.2,0.68,PA
Pennsylvania,2006.0,12326.0,1397.0,84.0,11.3,0.69,PA
Pennsylvania,2007.0,12297.0,1273.0,81.0,10.4,0.66,PA
Pennsylvania,2008.0,12178.0,1335.0,83.0,11.0,0.68,PA
Pennsylvania,2009.0,12401.0,1376.0,84.0,11.1,0.68,PA
Pennsylvania,2010.0,12530.0,1535.0,84.0,12.2,0.68,PA
Pennsylvania,2011.0,12697.0,1604.0,106.0,12.6,0.84,PA
Pennsylvania,2012.0,12663.84403,1756.404641,111.4050499,13.86944309,0.891788226,PA
Pennsylvania,2013.0,12738.04525,1576.409194,132.9921045,12.37559738,1.044054263,PA
Pennsylvania,2014.0,12620.0,1581.0,104.0,12.529,0.824,PA
Rhode Island,1980.0,911.0,97.0,28.0,10.7,2.9,RI
Rhode Island,1981.0,936.0,109.0,29.0,11.7,3.0,RI
Rhode Island,1982.0,942.0,125.0,32.0,13.3,3.1,RI
Rhode Island,1983.0,971.0,141.0,21.0,14.5,2.02,RI
Rhode Island,1984.0,946.0,121.0,31.0,12.8,3.1,RI
Rhode Island,1985.0,933.0,84.0,15.0,9.0,1.7,RI
Rhode Island,1986.0,953.0,87.0,16.0,9.1,1.7,RI
Rhode Island,1987.0,974.0,79.0,15.0,8.1,1.6,RI
Rhode Island,1988.0,1008.0,99.0,17.0,9.8,1.7,RI
Rhode Island,1989.0,963.0,64.0,14.0,6.7,1.5,RI
Rhode Island,1990.0,946.0,71.0,15.0,7.5,1.6,RI
Rhode Island,1991.0,949.0,99.0,17.0,10.4,1.8,RI
Rhode Island,1992.0,960.0,119.0,19.0,12.4,1.94,RI
Rhode Island,1993.0,969.0,108.0,18.0,11.2,1.84,RI
Rhode Island,1994.0,968.0,99.0,17.0,10.3,1.78,RI
Rhode Island,1995.0,962.0,102.0,17.0,10.6,1.75,RI
Rhode Island,1996.0,940.0,104.0,18.0,11.0,1.8,RI
Rhode Island,1997.0,943.0,120.0,19.0,12.7,1.92,RI
Rhode Island,1998.0,965.0,112.0,19.0,11.6,1.82,RI
Rhode Island,1999.0,1033.0,103.0,18.0,10.0,1.65,RI
Rhode Island,2000.0,1035.0,106.0,9.0,10.2,0.87,RI
Rhode Island,2001.0,1043.0,100.0,9.0,9.6,0.84,RI
Rhode Island,2002.0,1055.0,116.0,10.0,11.0,0.89,RI
Rhode Island,2003.0,1051.0,121.0,10.0,11.5,0.91,RI
Rhode Island,2004.0,1055.0,122.0,13.0,11.5,1.24,RI
Rhode Island,2005.0,1052.0,127.0,13.0,12.1,1.26,RI
Rhode Island,2006.0,1054.0,110.0,13.0,10.5,1.19,RI
Rhode Island,2007.0,1042.0,99.0,12.0,9.5,1.14,RI
Rhode Island,2008.0,1042.0,132.0,14.0,12.7,1.3,RI
Rhode Island,2009.0,1030.0,134.0,14.0,13.0,1.32,RI
Rhode Island,2010.0,1042.0,146.0,11.0,14.0,1.04,RI
Rhode Island,2011.0,1038.0,139.0,10.0,13.4,1.02,RI
Rhode Island,2012.0,1033.558731,140.7119559,11.67776546,13.61431641,1.128955213,RI
Rhode Island,2013.0,1048.300148,141.6729354,12.84010689,13.51453929,1.224850241,RI
Rhode Island,2014.0,1046.0,119.0,14.0,11.341,1.322,RI
South Carolina,1980.0,3174.0,534.0,65.0,16.8,1.9,SC
South Carolina,1981.0,3347.0,615.0,70.0,18.4,1.9,SC
South Carolina,1982.0,3301.0,701.0,75.0,21.2,2.0,SC
South Carolina,1983.0,3295.0,687.0,75.0,20.8,2.03,SC
South Carolina,1984.0,3258.0,561.0,67.0,17.2,1.9,SC
South Carolina,1985.0,3219.0,489.0,55.0,15.2,1.7,SC
South Carolina,1986.0,3288.0,569.0,59.0,17.3,1.8,SC
South Carolina,1987.0,3274.0,512.0,57.0,15.6,1.8,SC
South Carolina,1988.0,3405.0,528.0,58.0,15.5,1.7,SC
South Carolina,1989.0,3446.0,585.0,61.0,17.0,1.8,SC
South Carolina,1990.0,3391.0,548.0,60.0,16.2,1.8,SC
South Carolina,1991.0,3538.0,582.0,61.0,16.4,1.7,SC
South Carolina,1992.0,3675.0,697.0,66.0,19.0,1.79,SC
South Carolina,1993.0,3630.0,678.0,65.0,18.7,1.79,SC
South Carolina,1994.0,3633.0,501.0,57.0,13.8,1.59,SC
South Carolina,1995.0,3741.0,744.0,79.0,19.9,2.11,SC
South Carolina,1996.0,3698.0,482.0,71.0,13.0,1.79,SC
South Carolina,1997.0,3813.0,500.0,72.0,13.1,1.77,SC
South Carolina,1998.0,3851.0,527.0,74.0,13.7,1.79,SC
South Carolina,1999.0,3800.0,445.0,68.0,11.7,1.69,SC
South Carolina,2000.0,3964.0,441.0,43.0,11.1,1.02,SC
South Carolina,2001.0,3995.0,603.0,50.0,15.1,1.16,SC
South Carolina,2002.0,3989.0,568.0,49.0,14.3,1.13,SC
South Carolina,2003.0,4060.0,516.0,46.0,12.7,1.07,SC
South Carolina,2004.0,4120.0,615.0,54.0,14.9,1.31,SC
South Carolina,2005.0,4164.0,626.0,55.0,15.0,1.31,SC
South Carolina,2006.0,4224.0,474.0,49.0,11.2,1.15,SC
South Carolina,2007.0,4380.0,617.0,54.0,14.1,1.24,SC
South Carolina,2008.0,4462.0,624.0,55.0,14.0,1.23,SC
South Carolina,2009.0,4501.0,618.0,55.0,13.7,1.21,SC
South Carolina,2010.0,4563.0,773.0,53.0,16.9,1.16,SC
South Carolina,2011.0,4605.0,874.0,64.0,19.0,1.39,SC
South Carolina,2012.0,4667.020748,779.2147104,63.12741297,16.69619126,1.365851216,SC
South Carolina,2013.0,4679.028262,745.4670711,95.38492781,15.93209165,2.038562763,SC
South Carolina,2014.0,4764.0,788.0,51.0,16.544,1.069,SC
South Dakota,1980.0,677.0,127.0,32.0,18.8,4.2,SD
South Dakota,1981.0,675.0,132.0,32.0,19.5,4.3,SD
South Dakota,1982.0,677.0,114.0,30.0,16.8,4.0,SD
South Dakota,1983.0,689.0,127.0,15.0,18.4,2.02,SD
South Dakota,1984.0,691.0,100.0,28.0,14.5,3.8,SD
South Dakota,1985.0,689.0,119.0,12.0,17.3,1.7,SD
South Dakota,1986.0,697.0,118.0,12.0,17.0,1.7,SD
South Dakota,1987.0,714.0,109.0,12.0,15.2,1.7,SD
South Dakota,1988.0,707.0,101.0,11.0,14.2,1.6,SD
South Dakota,1989.0,696.0,92.0,11.0,13.2,1.6,SD
South Dakota,1990.0,696.0,93.0,11.0,13.3,1.6,SD
South Dakota,1991.0,689.0,96.0,11.0,14.0,1.6,SD
South Dakota,1992.0,705.0,106.0,12.0,15.1,1.66,SD
South Dakota,1993.0,717.0,102.0,12.0,14.2,1.61,SD
South Dakota,1994.0,737.0,107.0,12.0,14.5,1.6,SD
South Dakota,1995.0,713.0,103.0,13.0,14.5,1.75,SD
South Dakota,1996.0,701.0,82.0,12.0,11.8,1.62,SD
South Dakota,1997.0,708.0,117.0,14.0,16.5,1.85,SD
South Dakota,1998.0,710.0,77.0,12.0,10.8,1.55,SD
South Dakota,1999.0,709.0,55.0,10.0,7.7,1.33,SD
South Dakota,2000.0,737.0,79.0,7.0,10.7,0.94,SD
South Dakota,2001.0,737.0,62.0,7.0,8.4,0.85,SD
South Dakota,2002.0,743.0,85.0,8.0,11.5,0.97,SD
South Dakota,2003.0,749.0,95.0,8.0,12.7,1.01,SD
South Dakota,2004.0,751.0,102.0,9.0,13.5,1.18,SD
South Dakota,2005.0,765.0,90.0,8.0,11.8,1.11,SD
South Dakota,2006.0,770.0,82.0,8.0,10.7,1.06,SD
South Dakota,2007.0,787.0,74.0,8.0,9.4,0.99,SD
South Dakota,2008.0,794.0,104.0,9.0,13.1,1.13,SD
South Dakota,2009.0,799.0,113.0,9.0,14.1,1.17,SD
South Dakota,2010.0,799.0,109.0,9.0,13.6,1.14,SD
South Dakota,2011.0,808.0,117.0,20.0,14.5,2.45,SD
South Dakota,2012.0,822.2409193,105.5605911,10.69433037,12.83815833,1.309516568,SD
South Dakota,2013.0,833.3904532,85.4705975,12.31510113,10.25576873,1.477710848,SD
South Dakota,2014.0,846.0,109.0,14.0,12.82,1.659,SD
Tennessee,1980.0,4519.0,884.0,84.0,19.6,1.7,TN
Tennessee,1981.0,4502.0,943.0,86.0,20.9,1.7,TN
Tennessee,1982.0,4679.0,1106.0,94.0,23.6,1.8,TN
Tennessee,1983.0,4663.0,933.0,101.0,20.0,1.94,TN
Tennessee,1984.0,4603.0,800.0,80.0,17.4,1.6,TN
Tennessee,1985.0,4619.0,837.0,89.0,18.1,1.9,TN
Tennessee,1986.0,4650.0,853.0,90.0,18.3,1.9,TN
Tennessee,1987.0,4679.0,792.0,91.0,16.9,1.9,TN
Tennessee,1988.0,4901.0,883.0,95.0,18.0,1.9,TN
Tennessee,1989.0,4833.0,891.0,94.0,18.4,1.9,TN
Tennessee,1990.0,4927.0,833.0,92.0,16.9,1.9,TN
Tennessee,1991.0,4787.0,744.0,88.0,15.5,1.8,TN
Tennessee,1992.0,5036.0,858.0,93.0,17.0,1.85,TN
Tennessee,1993.0,5092.0,998.0,98.0,19.6,1.94,TN
Tennessee,1994.0,5338.0,779.0,89.0,14.6,1.69,TN
Tennessee,1995.0,5462.0,846.0,100.0,15.5,1.83,TN
Tennessee,1996.0,5528.0,878.0,110.0,15.9,1.83,TN
Tennessee,1997.0,5536.0,791.0,105.0,14.3,1.75,TN
Tennessee,1998.0,5569.0,749.0,102.0,13.4,1.7,TN
Tennessee,1999.0,5583.0,662.0,96.0,11.9,1.61,TN
Tennessee,2000.0,5630.0,759.0,72.0,13.5,1.18,TN
Tennessee,2001.0,5670.0,802.0,74.0,14.1,1.2,TN
Tennessee,2002.0,5655.0,839.0,75.0,14.8,1.23,TN
Tennessee,2003.0,5901.0,829.0,75.0,14.0,1.18,TN
Tennessee,2004.0,5846.0,932.0,67.0,15.9,1.14,TN
Tennessee,2005.0,5853.0,872.0,65.0,14.9,1.11,TN
Tennessee,2006.0,5916.0,879.0,65.0,14.9,1.1,TN
Tennessee,2007.0,6137.0,906.0,66.0,14.8,1.08,TN
Tennessee,2008.0,6163.0,924.0,67.0,15.0,1.09,TN
Tennessee,2009.0,6240.0,1031.0,70.0,16.5,1.12,TN
Tennessee,2010.0,6315.0,1052.0,85.0,16.7,1.34,TN
Tennessee,2011.0,6324.0,1030.0,104.0,16.3,1.66,TN
Tennessee,2012.0,6422.467325,1193.795505,117.7882543,18.58780193,1.882352608,TN
Tennessee,2013.0,6452.610136,1169.695352,113.9993519,18.12747598,1.766716871,TN
Tennessee,2014.0,6496.0,1122.0,75.0,17.27,1.158,TN
Texas,1980.0,14326.0,2247.0,133.0,15.7,0.9,TX
Texas,1981.0,14641.0,2258.0,133.0,15.4,0.8,TX
Texas,1982.0,15153.0,2450.0,139.0,16.2,0.8,TX
Texas,1983.0,15587.0,2499.0,172.0,16.0,1.01,TX
Texas,1984.0,15639.0,2448.0,139.0,15.7,0.8,TX
Texas,1985.0,16231.0,2582.0,157.0,15.9,1.0,TX
Texas,1986.0,16371.0,2825.0,163.0,17.3,1.0,TX
Texas,1987.0,16607.0,2917.0,170.0,17.6,1.0,TX
Texas,1988.0,16686.0,3006.0,172.0,18.0,1.0,TX
Texas,1989.0,16886.0,2880.0,169.0,17.1,1.0,TX
Texas,1990.0,16873.0,2684.0,164.0,15.9,1.0,TX
Texas,1991.0,16964.0,2965.0,171.0,17.5,1.0,TX
Texas,1992.0,17921.0,3282.0,178.0,18.3,1.0,TX
Texas,1993.0,18266.0,3177.0,176.0,17.4,0.97,TX
Texas,1994.0,18894.0,3603.0,184.0,19.1,0.99,TX
Texas,1995.0,18761.0,3270.0,184.0,17.4,0.98,TX
Texas,1996.0,19184.0,3180.0,199.0,16.6,0.95,TX
Texas,1997.0,19688.0,3297.0,202.0,16.7,0.94,TX
Texas,1998.0,19889.0,2994.0,193.0,15.1,0.9,TX
Texas,1999.0,20173.0,3072.0,195.0,15.2,0.9,TX
Texas,2000.0,20695.0,3204.0,158.0,15.5,0.71,TX
Texas,2001.0,21030.0,3129.0,157.0,14.9,0.69,TX
Texas,2002.0,21482.0,3362.0,162.0,15.6,0.7,TX
Texas,2003.0,21827.0,3705.0,170.0,17.0,0.72,TX
Texas,2004.0,22288.0,3669.0,144.0,16.5,0.65,TX
Texas,2005.0,22777.0,3681.0,144.0,16.2,0.63,TX
Texas,2006.0,23208.0,3816.0,147.0,16.4,0.63,TX
Texas,2007.0,23653.0,3903.0,148.0,16.5,0.63,TX
Texas,2008.0,24174.0,3834.0,148.0,15.9,0.61,TX
Texas,2009.0,24632.0,4262.0,154.0,17.3,0.63,TX
Texas,2010.0,25200.0,4633.0,196.0,18.4,0.79,TX
Texas,2011.0,25554.0,4458.0,196.0,17.4,0.77,TX
Texas,2012.0,26063.25491,4443.52886,192.0559771,17.04901738,0.745510891,TX
Texas,2013.0,26382.74848,4424.866352,232.4085478,16.77181722,0.880911055,TX
Texas,2014.0,26676.0,4364.0,173.0,16.361,0.648,TX
Utah,1980.0,1488.0,148.0,34.0,10.0,2.2,UT
Utah,1981.0,1516.0,185.0,38.0,12.2,2.4,UT
Utah,1982.0,1575.0,229.0,43.0,14.5,2.5,UT
Utah,1983.0,1591.0,214.0,29.0,13.5,1.71,UT
Utah,1984.0,1647.0,183.0,38.0,11.1,2.2,UT
Utah,1985.0,1652.0,180.0,26.0,10.9,1.6,UT
Utah,1986.0,1659.0,209.0,27.0,12.6,1.7,UT
Utah,1987.0,1689.0,173.0,26.0,10.2,1.5,UT
Utah,1988.0,1662.0,162.0,25.0,9.8,1.5,UT
Utah,1989.0,1683.0,138.0,24.0,8.2,1.4,UT
Utah,1990.0,1739.0,143.0,24.0,8.2,1.4,UT
Utah,1991.0,1717.0,222.0,29.0,12.9,1.7,UT
Utah,1992.0,1830.0,172.0,26.0,9.4,1.43,UT
Utah,1993.0,1906.0,203.0,28.0,10.7,1.48,UT
Utah,1994.0,1926.0,154.0,25.0,8.0,1.29,UT
Utah,1995.0,1999.0,168.0,26.0,8.4,1.31,UT
Utah,1996.0,1998.0,153.0,26.0,7.7,1.26,UT
Utah,1997.0,2085.0,185.0,29.0,8.9,1.31,UT
Utah,1998.0,2106.0,190.0,29.0,9.0,1.32,UT
Utah,1999.0,2194.0,126.0,24.0,5.7,1.05,UT
Utah,2000.0,2239.0,170.0,20.0,7.6,0.87,UT
Utah,2001.0,2257.0,238.0,24.0,10.5,1.01,UT
Utah,2002.0,2308.0,228.0,24.0,9.9,0.97,UT
Utah,2003.0,2346.0,213.0,23.0,9.1,0.92,UT
Utah,2004.0,2390.0,241.0,25.0,10.1,1.04,UT
Utah,2005.0,2521.0,232.0,24.0,9.2,0.97,UT
Utah,2006.0,2536.0,235.0,25.0,9.3,0.97,UT
Utah,2007.0,2651.0,255.0,26.0,9.6,0.97,UT
Utah,2008.0,2754.0,209.0,23.0,7.6,0.85,UT
Utah,2009.0,2794.0,270.0,26.0,9.7,0.94,UT
Utah,2010.0,2768.0,278.0,30.0,10.0,1.11,UT
Utah,2011.0,2812.0,309.0,29.0,11.0,1.02,UT
Utah,2012.0,2848.831905,312.4120937,45.08128831,10.96632248,1.59385728,UT
Utah,2013.0,2876.888067,239.1422922,31.70252501,8.312533775,1.101972836,UT
Utah,2014.0,2928.0,298.0,36.0,10.189,1.239,UT
Vermont,1980.0,520.0,62.0,22.0,12.0,4.0,VT
Vermont,1981.0,535.0,66.0,23.0,12.3,4.0,VT
Vermont,1982.0,519.0,67.0,23.0,12.9,4.2,VT
Vermont,1983.0,531.0,83.0,12.0,15.6,2.05,VT
Vermont,1984.0,514.0,65.0,23.0,12.6,4.1,VT
Vermont,1985.0,524.0,48.0,9.0,9.2,1.7,VT
Vermont,1986.0,529.0,58.0,10.0,11.0,1.8,VT
Vermont,1987.0,534.0,50.0,9.0,9.3,1.7,VT
Vermont,1988.0,532.0,43.0,8.0,8.1,1.6,VT
Vermont,1989.0,556.0,44.0,9.0,8.0,1.6,VT
Vermont,1990.0,564.0,61.0,10.0,10.9,1.8,VT
Vermont,1991.0,579.0,73.0,11.0,12.6,1.9,VT
Vermont,1992.0,582.0,61.0,10.0,10.5,1.75,VT
Vermont,1993.0,588.0,59.0,10.0,10.0,1.7,VT
Vermont,1994.0,589.0,45.0,9.0,7.6,1.51,VT
Vermont,1995.0,593.0,61.0,10.0,10.3,1.7,VT
Vermont,1996.0,586.0,74.0,12.0,12.6,1.87,VT
Vermont,1997.0,580.0,54.0,10.0,9.3,1.65,VT
Vermont,1998.0,592.0,58.0,10.0,9.9,1.68,VT
Vermont,1999.0,599.0,58.0,10.0,9.6,1.65,VT
Vermont,2000.0,599.0,60.0,6.0,10.0,0.94,VT
Vermont,2001.0,605.0,59.0,6.0,9.7,0.92,VT
Vermont,2002.0,616.0,61.0,6.0,9.9,0.92,VT
Vermont,2003.0,610.0,52.0,5.0,8.5,0.86,VT
Vermont,2004.0,616.0,48.0,7.0,7.8,1.06,VT
Vermont,2005.0,621.0,47.0,6.0,7.6,1.04,VT
Vermont,2006.0,618.0,48.0,6.0,7.8,1.05,VT
Vermont,2007.0,613.0,61.0,7.0,9.9,1.18,VT
Vermont,2008.0,610.0,55.0,7.0,9.0,1.13,VT
Vermont,2009.0,617.0,58.0,7.0,9.4,1.14,VT
Vermont,2010.0,624.0,67.0,7.0,10.8,1.1,VT
Vermont,2011.0,615.0,71.0,6.0,11.6,0.99,VT
Vermont,2012.0,614.6252065,68.786402,6.6499227,11.1916012,1.088392758,VT
Vermont,2013.0,619.2680393,54.1178363,6.041288019,8.739000379,0.975553014,VT
Vermont,2014.0,615.0,57.0,6.0,9.305,0.921,VT
Virginia,1980.0,5204.0,647.0,72.0,12.4,1.3,VA
Virginia,1981.0,5257.0,662.0,72.0,12.6,1.3,VA
Virginia,1982.0,5329.0,668.0,73.0,12.5,1.3,VA
Virginia,1983.0,5448.0,618.0,94.0,11.3,1.62,VA
Virginia,1984.0,5563.0,554.0,66.0,10.0,1.1,VA
Virginia,1985.0,5567.0,558.0,79.0,10.0,1.4,VA
Virginia,1986.0,5624.0,547.0,79.0,9.7,1.4,VA
Virginia,1987.0,5871.0,583.0,83.0,9.9,1.4,VA
Virginia,1988.0,5970.0,647.0,87.0,10.8,1.5,VA
Virginia,1989.0,6159.0,671.0,89.0,10.9,1.4,VA
Virginia,1990.0,6322.0,705.0,91.0,11.1,1.4,VA
Virginia,1991.0,6144.0,608.0,85.0,9.9,1.4,VA
Virginia,1992.0,6241.0,592.0,84.0,9.5,1.35,VA
Virginia,1993.0,6470.0,627.0,86.0,9.7,1.34,VA
Virginia,1994.0,6616.0,710.0,91.0,10.7,1.38,VA
Virginia,1995.0,6371.0,648.0,95.0,10.2,1.48,VA
Virginia,1996.0,6481.0,795.0,110.0,12.3,1.6,VA
Virginia,1997.0,6747.0,858.0,115.0,12.7,1.59,VA
Virginia,1998.0,6679.0,589.0,95.0,8.8,1.36,VA
Virginia,1999.0,6831.0,537.0,91.0,7.9,1.28,VA
Virginia,2000.0,6977.0,577.0,63.0,8.3,0.86,VA
Virginia,2001.0,7080.0,564.0,62.0,8.0,0.84,VA
Virginia,2002.0,7108.0,702.0,69.0,9.9,0.92,VA
Virginia,2003.0,7367.0,740.0,71.0,10.0,0.91,VA
Virginia,2004.0,7369.0,693.0,60.0,9.4,0.81,VA
Virginia,2005.0,7442.0,684.0,60.0,9.2,0.8,VA
Virginia,2006.0,7532.0,651.0,58.0,8.6,0.77,VA
Virginia,2007.0,7678.0,664.0,59.0,8.6,0.77,VA
Virginia,2008.0,7735.0,799.0,64.0,10.3,0.83,VA
Virginia,2009.0,7767.0,831.0,65.0,10.7,0.84,VA
Virginia,2010.0,7837.0,835.0,73.0,10.7,0.94,VA
Virginia,2011.0,7971.0,907.0,70.0,11.4,0.87,VA
Virginia,2012.0,7993.749802,850.449602,88.9206229,10.63893195,1.12525279,VA
Virginia,2013.0,8173.719301,854.0899587,100.2786964,10.44922057,1.226842919,VA
Virginia,2014.0,8257.0,842.0,73.0,10.194,0.882,VA
Washington,1980.0,4223.0,538.0,65.0,12.7,1.4,WA
Washington,1981.0,4168.0,471.0,61.0,11.3,1.4,WA
Washington,1982.0,4259.0,549.0,66.0,12.9,1.4,WA
Washington,1983.0,4274.0,460.0,73.0,10.8,1.61,WA
Washington,1984.0,4242.0,479.0,62.0,11.3,1.4,WA
Washington,1985.0,4371.0,526.0,76.0,12.0,1.7,WA
Washington,1986.0,4369.0,563.0,78.0,12.9,1.8,WA
Washington,1987.0,4489.0,450.0,73.0,10.0,1.6,WA
Washington,1988.0,4625.0,402.0,69.0,8.7,1.5,WA
Washington,1989.0,4729.0,455.0,73.0,9.6,1.6,WA
Washington,1990.0,4880.0,434.0,72.0,8.9,1.5,WA
Washington,1991.0,4989.0,474.0,75.0,9.5,1.5,WA
Washington,1992.0,5138.0,574.0,81.0,11.2,1.59,WA
Washington,1993.0,5224.0,634.0,85.0,12.1,1.63,WA
Washington,1994.0,5259.0,614.0,83.0,11.7,1.6,WA
Washington,1995.0,5424.0,677.0,95.0,12.5,1.75,WA
Washington,1996.0,5620.0,666.0,101.0,11.9,1.68,WA
Washington,1997.0,5735.0,529.0,90.0,9.2,1.49,WA
Washington,1998.0,5729.0,512.0,88.0,8.9,1.47,WA
Washington,1999.0,5698.0,545.0,91.0,9.6,1.52,WA
Washington,2000.0,5863.0,634.0,62.0,10.8,1.0,WA
Washington,2001.0,5920.0,634.0,62.0,10.7,0.99,WA
Washington,2002.0,5988.0,657.0,63.0,11.0,1.0,WA
Washington,2003.0,6078.0,766.0,68.0,12.6,1.05,WA
Washington,2004.0,6116.0,700.0,61.0,11.4,1.0,WA
Washington,2005.0,6237.0,636.0,59.0,10.2,0.94,WA
Washington,2006.0,6310.0,502.0,53.0,8.0,0.84,WA
Washington,2007.0,6503.0,661.0,60.0,10.2,0.92,WA
Washington,2008.0,6526.0,680.0,61.0,10.4,0.93,WA
Washington,2009.0,6697.0,781.0,65.0,11.7,0.97,WA
Washington,2010.0,6713.0,779.0,73.0,11.6,1.08,WA
Washington,2011.0,6812.0,854.0,74.0,12.5,1.09,WA
Washington,2012.0,6855.616449,795.6518249,57.73258643,11.60583925,0.855659059,WA
Washington,2013.0,6853.548327,819.2266621,81.03865414,11.95332145,1.182433541,WA
Washington,2014.0,7079.0,852.0,82.0,12.036,1.163,WA
West Virginia,1980.0,1952.0,297.0,49.0,15.2,2.3,WV
West Virginia,1981.0,2003.0,398.0,56.0,19.9,2.5,WV
West Virginia,1982.0,1951.0,484.0,62.0,24.8,2.8,WV
West Virginia,1983.0,1898.0,419.0,45.0,22.1,2.11,WV
West Virginia,1984.0,1922.0,392.0,56.0,20.4,2.6,WV
West Virginia,1985.0,1894.0,423.0,39.0,22.3,2.1,WV
West Virginia,1986.0,1927.0,432.0,39.0,22.4,2.1,WV
West Virginia,1987.0,1889.0,408.0,40.0,21.6,2.1,WV
West Virginia,1988.0,1880.0,337.0,37.0,17.9,2.0,WV
West Virginia,1989.0,1799.0,283.0,34.0,15.7,1.9,WV
West Virginia,1990.0,1810.0,328.0,37.0,18.1,2.0,WV
West Virginia,1991.0,1830.0,327.0,37.0,17.9,2.0,WV
West Virginia,1992.0,1795.0,401.0,39.0,22.3,2.18,WV
West Virginia,1993.0,1803.0,400.0,39.0,22.2,2.17,WV
West Virginia,1994.0,1804.0,336.0,37.0,18.6,2.04,WV
West Virginia,1995.0,1793.0,300.0,32.0,16.7,1.77,WV
West Virginia,1996.0,1745.0,323.0,36.0,18.5,1.87,WV
West Virginia,1997.0,1742.0,286.0,34.0,16.4,1.79,WV
West Virginia,1998.0,1748.0,312.0,36.0,17.8,1.84,WV
West Virginia,1999.0,1734.0,272.0,33.0,15.7,1.76,WV
West Virginia,2000.0,1773.0,261.0,21.0,14.7,1.09,WV
West Virginia,2001.0,1769.0,291.0,22.0,16.4,1.15,WV
West Virginia,2002.0,1747.0,293.0,22.0,16.8,1.16,WV
West Virginia,2003.0,1785.0,310.0,23.0,17.4,1.17,WV
West Virginia,2004.0,1791.0,254.0,21.0,14.2,1.18,WV
West Virginia,2005.0,1795.0,276.0,22.0,15.4,1.22,WV
West Virginia,2006.0,1810.0,277.0,22.0,15.3,1.21,WV
West Virginia,2007.0,1793.0,265.0,22.0,14.8,1.2,WV
West Virginia,2008.0,1796.0,260.0,21.0,14.5,1.19,WV
West Virginia,2009.0,1801.0,285.0,22.0,15.8,1.23,WV
West Virginia,2010.0,1816.0,306.0,23.0,16.8,1.32,WV
West Virginia,2011.0,1820.0,318.0,34.0,17.5,1.77,WV
West Virginia,2012.0,1803.41762,301.3414237,40.15839111,16.70946432,2.1515695,WV
West Virginia,2013.0,1823.118395,315.3958484,35.40604698,17.29980068,1.942059664,WV
West Virginia,2014.0,1822.0,376.0,30.0,20.622,1.669,WV
Wisconsin,1980.0,4724.0,403.0,57.0,8.5,1.1,WI
Wisconsin,1981.0,4741.0,384.0,55.0,8.1,1.1,WI
Wisconsin,1982.0,4733.0,452.0,60.0,9.5,1.2,WI
Wisconsin,1983.0,4736.0,504.0,80.0,10.7,1.61,WI
Wisconsin,1984.0,4698.0,730.0,76.0,15.5,1.5,WI
Wisconsin,1985.0,4693.0,544.0,73.0,11.6,1.6,WI
Wisconsin,1986.0,4697.0,501.0,70.0,10.7,1.5,WI
Wisconsin,1987.0,4738.0,428.0,67.0,9.0,1.4,WI
Wisconsin,1988.0,4696.0,364.0,63.0,7.8,1.3,WI
Wisconsin,1989.0,4694.0,393.0,65.0,8.4,1.4,WI
Wisconsin,1990.0,4815.0,448.0,69.0,9.3,1.4,WI
Wisconsin,1991.0,4952.0,492.0,72.0,9.9,1.5,WI
Wisconsin,1992.0,5118.0,560.0,76.0,10.9,1.49,WI
Wisconsin,1993.0,5033.0,636.0,80.0,12.6,1.6,WI
Wisconsin,1994.0,5003.0,453.0,69.0,9.0,1.39,WI
Wisconsin,1995.0,5300.0,449.0,72.0,8.5,1.37,WI
Wisconsin,1996.0,5205.0,460.0,77.0,8.8,1.41,WI
Wisconsin,1997.0,5120.0,422.0,73.0,8.2,1.37,WI
Wisconsin,1998.0,5127.0,449.0,76.0,8.8,1.41,WI
Wisconsin,1999.0,5429.0,466.0,77.0,8.6,1.36,WI
Wisconsin,2000.0,5308.0,493.0,46.0,9.3,0.83,WI
Wisconsin,2001.0,5323.0,423.0,43.0,7.9,0.78,WI
Wisconsin,2002.0,5463.0,467.0,45.0,8.6,0.79,WI
Wisconsin,2003.0,5412.0,528.0,48.0,9.8,0.84,WI
Wisconsin,2004.0,5456.0,676.0,59.0,12.4,1.08,WI
Wisconsin,2005.0,5440.0,553.0,54.0,10.2,0.99,WI
Wisconsin,2006.0,5471.0,555.0,54.0,10.1,0.98,WI
Wisconsin,2007.0,5458.0,601.0,56.0,11.0,1.02,WI
Wisconsin,2008.0,5548.0,544.0,53.0,9.8,0.96,WI
Wisconsin,2009.0,5545.0,599.0,56.0,10.8,1.0,WI
Wisconsin,2010.0,5626.0,567.0,52.0,10.1,0.92,WI
Wisconsin,2011.0,5676.0,743.0,60.0,13.1,1.08,WI
Wisconsin,2012.0,5627.590363,640.2074368,49.03838274,11.37622669,0.860013191,WI
Wisconsin,2013.0,5625.487707,618.0326628,70.17728501,10.98629479,1.247488017,WI
Wisconsin,2014.0,5742.0,628.0,55.0,10.94,0.958,WI
Wyoming,1980.0,468.0,49.0,20.0,10.4,4.0,WY
Wyoming,1981.0,482.0,43.0,18.0,8.9,3.7,WY
Wyoming,1982.0,481.0,58.0,21.0,12.0,4.2,WY
Wyoming,1983.0,486.0,61.0,10.0,12.6,1.9,WY
Wyoming,1984.0,488.0,53.0,21.0,10.9,4.0,WY
Wyoming,1985.0,506.0,61.0,9.0,12.0,1.8,WY
Wyoming,1986.0,496.0,73.0,10.0,14.6,2.0,WY
Wyoming,1987.0,451.0,49.0,9.0,10.8,1.9,WY
Wyoming,1988.0,454.0,43.0,8.0,9.6,1.8,WY
Wyoming,1989.0,462.0,50.0,9.0,10.9,1.9,WY
Wyoming,1990.0,463.0,51.0,9.0,11.0,1.9,WY
Wyoming,1991.0,470.0,47.0,8.0,9.9,1.8,WY
Wyoming,1992.0,475.0,49.0,9.0,10.3,1.82,WY
Wyoming,1993.0,481.0,64.0,10.0,13.3,2.02,WY
Wyoming,1994.0,485.0,45.0,8.0,9.3,1.73,WY
Wyoming,1995.0,482.0,59.0,8.0,12.2,1.66,WY
Wyoming,1996.0,486.0,58.0,8.0,11.9,1.64,WY
Wyoming,1997.0,490.0,66.0,9.0,13.5,1.73,WY
Wyoming,1998.0,484.0,51.0,8.0,10.6,1.56,WY
Wyoming,1999.0,484.0,56.0,8.0,11.6,1.62,WY
Wyoming,2000.0,485.0,52.0,5.0,10.8,1.02,WY
Wyoming,2001.0,487.0,42.0,5.0,8.7,0.93,WY
Wyoming,2002.0,488.0,44.0,5.0,9.0,0.94,WY
Wyoming,2003.0,487.0,48.0,5.0,9.8,0.98,WY
Wyoming,2004.0,496.0,50.0,6.0,10.0,1.2,WY
Wyoming,2005.0,509.0,54.0,6.0,10.6,1.22,WY
Wyoming,2006.0,516.0,51.0,6.0,10.0,1.17,WY
Wyoming,2007.0,518.0,56.0,6.0,10.9,1.22,WY
Wyoming,2008.0,529.0,54.0,6.0,10.1,1.17,WY
Wyoming,2009.0,540.0,50.0,6.0,9.2,1.11,WY
Wyoming,2010.0,550.0,53.0,5.0,9.6,0.85,WY
Wyoming,2011.0,562.0,60.0,8.0,10.7,1.43,WY
Wyoming,2012.0,576.6287053,55.5743341,6.810797994,9.637802209,1.168149738,WY
Wyoming,2013.0,578.1048671,68.1217115,6.461321419,11.78362532,1.117672898,WY
Wyoming,2014.0,572.0,55.0,6.0,9.653,1.109,WY
