Table with row headings in column A and column headings in row 4.,,,,,,
state,pop,num_pov,st_err_num,pct_pov,st_err_pct,Year
Alabama,4765,848,53,17.806,1.105,2014
Alaska,694,82,8,11.853,1.17,
Arizona,6657,1409,76,21.164,1.147,
Arkansas,2891,532,44,18.402,1.533,
California,38666,6112,218,15.807,0.563,
Colorado,5376,661,72,12.297,1.347,
Connecticut,3577,308,44,8.605,1.216,
Delaware,929,103,10,11.043,1.033,
DC,657,125,9,19.024,1.328,
Florida,19694,3282,150,16.667,0.761,
Georgia,9948,1676,92,16.845,0.924,
Hawaii,1365,147,16,10.788,1.146,
Idaho,1606,199,22,12.402,1.352,
Illinois,12774,1756,111,13.744,0.866,
Indiana,6470,948,85,14.648,1.31,
Iowa,3078,317,33,10.29,1.059,
Kansas,2851,345,31,12.091,1.101,
Kentucky,4299,861,69,20.027,1.599,
Louisiana,4550,1049,53,23.057,1.161,
Maine,1300,190,20,14.629,1.534,
Maryland,5934,584,55,9.85,0.931,
Massachusetts,6653,902,71,13.553,1.061,
Michigan,9893,1462,90,14.777,0.91,
Minnesota,5417,447,53,8.26,0.98,
Mississippi,2961,654,37,22.094,1.246,
Missouri,5950,620,54,10.414,0.914,
Montana,1008,121,13,12.022,1.334,
Nebraska,1873,221,23,11.776,1.211,
Nevada,2819,478,45,16.961,1.582,
New Hampshire,1318,95,11,7.2,0.835,
New Jersey,8938,1013,90,11.334,1.009,
New Mexico,2030,406,33,19.976,1.617,
New York,19658,2755,144,14.017,0.733,
North Carolina,9823,1678,117,17.082,1.187,
North Dakota,731,71,5,9.673,0.737,
Ohio,11505,1792,109,15.579,0.947,
Oklahoma,3728,647,51,17.345,1.364,
Oregon,3955,570,47,14.417,1.198,
Pennsylvania,12620,1581,104,12.529,0.824,
Rhode Island,1046,119,14,11.341,1.322,
South Carolina,4764,788,51,16.544,1.069,
South Dakota,846,109,14,12.82,1.659,
Tennessee,6496,1122,75,17.27,1.158,
Texas,26676,4364,173,16.361,0.648,
Utah,2928,298,36,10.189,1.239,
Vermont,615,57,6,9.305,0.921,
Virginia,8257,842,73,10.194,0.882,
Washington,7079,852,82,12.036,1.163,
West Virginia,1822,376,30,20.622,1.669,
Wisconsin,5742,628,55,10.94,0.958,
Wyoming,572,55,6,9.653,1.109,
Alabama,4751.219222,795.6540482,67.16943161,16.74631313,1.413730423,2013
Alaska,695.9493295,76.1607789,11.96762461,10.94343736,1.719611486,
Arizona,6645.249078,1344.980097,93.11442344,20.23972436,1.401217958,
Arkansas,2940.079177,504.1040231,69.38934801,17.14593359,2.360118345,
California,38053.85744,5675.187965,213.6333681,14.91356816,0.561397405,
Colorado,5288.530682,559.8320996,54.44041744,10.58577766,1.029405344,
Connecticut,3544.966592,400.4740353,35.97376112,11.29697629,1.014784207,
Delaware,907.3366248,127.177977,13.70339763,14.01662553,1.510288162,
DC,649.9799334,138.7070633,10.59619348,21.34020701,1.630233941,
Florida,19371.22571,2887.95894,176.6603191,14.90849873,0.91197285,
Georgia,9787.141724,1592.304993,121.4168281,16.26935665,1.240574945,
Hawaii,1368.049025,151.8171459,15.93664909,11.09734689,1.164917982,
Idaho,1591.695043,205.4040166,30.26490597,12.90473433,1.901426162,
Illinois,12778.55046,1695.34385,117.410391,13.26710612,0.918808369,
Indiana,6397.908899,743.4613006,75.51041294,11.6203796,1.180235826,
Iowa,3066.337985,330.0555418,31.07653948,10.76383437,1.013474041,
Kansas,2830.131666,372.574934,32.29422921,13.16457953,1.141085752,
Kentucky,4360.373572,871.4522979,62.57285673,19.98572562,1.435034308,
Louisiana,4504.216994,863.3168216,94.79000008,19.16685681,2.104472325,
Maine,1310.082713,160.500162,17.24376063,12.25114723,1.316234498,
Maryland,5933.066169,610.9761687,51.28097193,10.29781485,0.864324962,
Massachusetts,6569.791069,784.2526034,92.55154142,11.93725333,1.40874406,
Michigan,9840.133334,1428.268316,117.6139591,14.51472524,1.195247616,
Minnesota,5398.05068,648.5745583,60.19346077,12.0149772,1.115096251,
Mississippi,2918.182598,657.4492191,57.02821577,22.52940647,1.954237401,
Missouri,5997.259657,824.3788551,90.31939626,13.74592568,1.506011102,
Montana,998.2026341,145.1353515,19.93919029,14.53966825,1.997509284,
Nebraska,1838.460396,202.3238495,23.1893366,11.00506979,1.261345453,
Nevada,2759.801508,480.448817,51.55411926,17.40881783,1.868037216,
New Hampshire,1317.336901,118.7785707,11.94025779,9.016567485,0.906393633,
New Jersey,8841.978658,984.2052398,119.7732768,11.13105197,1.354598122,
New Mexico,2098.545393,454.3699438,46.05074063,21.65166145,2.194412415,
New York,19487.81001,2825.319766,163.6583218,14.49788234,0.839798427,
North Carolina,9618.90033,1792.875174,161.1832469,18.63908672,1.675693076,
North Dakota,710.6836417,70.5048282,10.22310382,9.920705088,1.438488692,
Ohio,11468.46163,1571.241497,137.6560607,13.70054283,1.20030101,
Oklahoma,3707.986982,518.3941054,79.13936837,13.98047264,2.134294666,
Oregon,3933.50199,592.5832512,56.30206303,15.06502991,1.431347008,
Pennsylvania,12738.04525,1576.409194,132.9921045,12.37559738,1.044054263,
Rhode Island,1048.300148,141.6729354,12.84010689,13.51453929,1.224850241,
South Carolina,4679.028262,745.4670711,95.38492781,15.93209165,2.038562763,
South Dakota,833.3904532,85.4705975,12.31510113,10.25576873,1.477710848,
Tennessee,6452.610136,1169.695352,113.9993519,18.12747598,1.766716871,
Texas,26382.74848,4424.866352,232.4085478,16.77181722,0.880911055,
Utah,2876.888067,239.1422922,31.70252501,8.312533775,1.101972836,
Vermont,619.2680393,54.1178363,6.041288019,8.739000379,0.975553014,
Virginia,8173.719301,854.0899587,100.2786964,10.44922057,1.226842919,
Washington,6853.548327,819.2266621,81.03865414,11.95332145,1.182433541,
West Virginia,1823.118395,315.3958484,35.40604698,17.29980068,1.942059664,
Wisconsin,5625.487707,618.0326628,70.17728501,10.98629479,1.247488017,
Wyoming,578.1048671,68.1217115,6.461321419,11.78362532,1.117672898,
Alabama,4808,777,91,16.2,1.9,2012
Alaska,701.7728282,70.0614162,8.036155372,9.983489441,1.137279825,
Arizona,6641.709195,1259.848686,110.8526968,18.96874206,1.696448187,
Arkansas,2908.552656,584.4093313,51.48067235,20.09278842,1.757732452,
California,37912.40396,6015.364133,192.4014297,15.86648037,0.51044217,
Colorado,5152.891368,613.0008252,61.40155987,11.89624972,1.188442327,
Connecticut,3516.849604,362.7219503,30.1117264,10.31383173,0.860530359,
Delaware,900.1723057,121.0851716,10.61386348,13.45133269,1.182518965,
D.C.,632.4438304,116.4012822,8.517091334,18.40499924,1.344422412,
Florida,19165.92806,2926.322568,127.9549618,15.2683583,0.67575418,
Georgia,9664.540936,1752.142313,133.7461163,18.12959689,1.352945134,
Hawaii,1356.11902,187.5660675,21.07212567,13.83109187,1.559834813,
Idaho,1587.969655,229.4517046,21.93277706,14.44937589,1.401658087,
Illinois,12726.97894,1607.64359,97.85333555,12.63177692,0.778680751,
Indiana,6342.802996,963.5463303,70.19952136,15.19117543,1.11174704,
Iowa,3009.874559,310.2006691,22.41351255,10.30609957,0.770071205,
Kansas,2828.207132,396.7967438,34.19115047,14.02997465,1.253008593,
Kentucky,4342.240655,776.1704823,65.89827479,17.87488405,1.490984165,
Louisiana,4464.534739,944.0284559,99.0465294,21.14505791,2.271738392,
Maine,1329.940182,170.3130393,14.01020741,12.80606764,1.05714576,
Maryland,5892.496703,584.6240341,47.01707381,9.921499554,0.797713661,
Massachusetts,6565.681969,743.0040178,58.80785538,11.31647895,0.906077083,
Michigan,9731.45672,1331.287798,95.37905507,13.68025195,0.980116895,
Minnesota,5352.737531,534.1782611,47.48642117,9.979533987,0.896445332,
Mississippi,2893.36143,635.5870258,54.71027705,21.9670802,1.886965092,
Missouri,5956.017575,905.4695015,86.10233977,15.20259956,1.475400587,
Montana,998.7199858,134.069171,15.02011444,13.42410014,1.476799025,
Nebraska,1848.80141,226.3179617,24.68001926,12.24133433,1.325742844,
Nevada,2734.723543,432.9600839,32.34928835,15.83195073,1.180144161,
New Hampshire,1308.410564,106.4014631,10.52699088,8.132115867,0.80819365,
New Jersey,8719.822828,813.704183,72.88619596,9.331659588,0.831392288,
New Mexico,2064.447884,420.480017,44.10464477,20.3676741,2.141715217,
New York,19297.53293,3328.03586,130.9407775,17.24591362,0.681567646,
North Carolina,9633.950718,1652.261623,125.531017,17.1504056,1.340329754,
North Dakota,692.3290766,78.7765498,7.379248115,11.37848351,1.063039397,
Ohio,11398.31921,1750.931345,119.293087,15.36131172,1.057299173,
Oklahoma,3700.142422,667.621068,45.59067111,18.04311812,1.275049071,
Oregon,3871.574565,522.9974807,39.50015048,13.5086506,1.015692249,
Pennsylvania,12663.84403,1756.404641,111.4050499,13.86944309,0.891788226,
Rhode Island,1033.558731,140.7119559,11.67776546,13.61431641,1.128955213,
South Carolina,4667.020748,779.2147104,63.12741297,16.69619126,1.365851216,
South Dakota,822.2409193,105.5605911,10.69433037,12.83815833,1.309516568,
Tennessee,6422.467325,1193.795505,117.7882543,18.58780193,1.882352608,
Texas,26063.25491,4443.52886,192.0559771,17.04901738,0.745510891,
Utah,2848.831905,312.4120937,45.08128831,10.96632248,1.59385728,
Vermont,614.6252065,68.786402,6.6499227,11.1916012,1.088392758,
Virginia,7993.749802,850.449602,88.9206229,10.63893195,1.12525279,
Washington,6855.616449,795.6518249,57.73258643,11.60583925,0.855659059,
West Virginia,1803.41762,301.3414237,40.15839111,16.70946432,2.1515695,
Wisconsin,5627.590363,640.2074368,49.03838274,11.37622669,0.860013191,
Wyoming,576.6287053,55.5743341,6.810797994,9.637802209,1.168149738,
Alabama,4765,732,74,15.4,1.53,2011
Alaska,712,83,9,11.7,1.33,
Arizona,6547,1128,107,17.2,1.66,
Arkansas,2909,545,46,18.7,1.58,
California,37592,6352,202,16.9,0.55,
Colorado,5016,661,54,13.2,1.07,
Connecticut,3514,356,33,10.1,0.93,
Delaware,902,123,9,13.7,0.97,
D.C.,619,123,9,19.9,1.44,
Florida,18986,2822,136,14.9,0.72,
Georgia,9681,1783,122,18.4,1.25,
Hawaii,1337,162,18,12.1,1.35,
Idaho,1574,248,26,15.7,1.73,
Illinois,12697,1807,109,14.2,0.87,
Indiana,6344,989,83,15.6,1.31,
Iowa,3027,315,24,10.4,0.8,
Kansas,2807,402,32,14.3,1.17,
Kentucky,4302,689,60,16,1.38,
Louisiana,4494,947,75,21.1,1.63,
Maine,1328,178,14,13.4,1.06,
Maryland,5806,537,43,9.3,0.76,
Massachusetts,6514,688,55,10.6,0.85,
Michigan,9689,1449,100,15,1.03,
Minnesota,5276,528,46,10,0.88,
Mississippi,2932,510,40,17.4,1.39,
Missouri,5892,910,98,15.4,1.65,
Montana,986,163,16,16.5,1.64,
Nebraska,1823,187,22,10.2,1.25,
Nevada,2682,414,34,15.5,1.26,
New Hampshire,1300,99,12,7.6,0.89,
New Jersey,8642,988,76,11.4,0.88,
New Mexico,2037,451,36,22.2,1.78,
New York,19329,3085,144,16,0.74,
North Carolina,9504,1459,130,15.4,1.39,
North Dakota,675,67,10,9.9,1.42,
Ohio,11309,1708,129,15.1,1.16,
Oklahoma,3763,522,47,13.9,1.24,
Oregon,3850,553,51,14.4,1.33,
Pennsylvania,12697,1604,106,12.6,0.84,
Rhode Island,1038,139,10,13.4,1.02,
South Carolina,4605,874,64,19,1.39,
South Dakota,808,117,20,14.5,2.45,
Tennessee,6324,1030,104,16.3,1.66,
Texas,25554,4458,196,17.4,0.77,
Utah,2812,309,29,11,1.02,
Vermont,615,71,6,11.6,0.99,
Virginia,7971,907,70,11.4,0.87,
Washington,6812,854,74,12.5,1.09,
West Virginia,1820,318,34,17.5,1.77,
Wisconsin,5676,743,60,13.1,1.08,
Wyoming,562,60,8,10.7,1.43,
Alabama,4717,812,83,17.2,1.79,2010
Alaska,695,87,10,12.5,1.45,
Arizona,6426,1208,108,18.8,1.69,
Arkansas,2879,440,45,15.3,1.58,
California,37240,6073,212,16.3,0.57,
Colorado,4995,615,54,12.3,1.08,
Connecticut,3541,303,27,8.6,0.76,
Delaware,890,109,10,12.2,1.07,
D.C.,604,118,8,19.5,1.29,
Florida,18759,3006,127,16,0.68,
Georgia,9650,1814,104,18.8,1.1,
Hawaii,1311,162,15,12.4,1.18,
Idaho,1543,213,23,13.8,1.53,
Illinois,12784,1798,101,14.1,0.79,
Indiana,6390,1041,95,16.3,1.49,
Iowa,2977,307,30,10.3,1,
Kansas,2766,400,39,14.5,1.44,
Kentucky,4270,754,65,17.7,1.56,
Louisiana,4418,949,69,21.5,1.62,
Maine,1298,164,15,12.6,1.16,
Maryland,5786,628,50,10.9,0.86,
Massachusetts,6532,711,68,10.9,1.06,
Michigan,9751,1530,110,15.7,1.12,
Minnesota,5217,563,43,10.8,0.83,
Mississippi,2920,658,44,22.5,1.48,
Missouri,5929,890,79,15,1.36,
Montana,979,142,17,14.5,1.8,
Nebraska,1804,184,20,10.2,1.15,
Nevada,2696,446,35,16.6,1.31,
New Hampshire,1294,84,8,6.5,0.65,
New Jersey,8733,966,89,11.1,1.01,
New Mexico,2033,372,30,18.3,1.52,
New York,19116,3062,147,16,0.77,
North Carolina,9359,1633,90,17.4,0.96,
North Dakota,653,82,6,12.6,0.87,
Ohio,11341,1746,118,15.4,1.06,
Oklahoma,3697,603,62,16.3,1.68,
Oregon,3752,537,44,14.3,1.17,
Pennsylvania,12530,1535,84,12.2,0.68,
Rhode Island,1042,146,11,14,1.04,
South Carolina,4563,773,53,16.9,1.16,
South Dakota,799,109,9,13.6,1.14,
Tennessee,6315,1052,85,16.7,1.34,
Texas,25200,4633,196,18.4,0.79,
Utah,2768,278,30,10,1.11,
Vermont,624,67,7,10.8,1.1,
Virginia,7837,835,73,10.7,0.94,
Washington,6713,779,73,11.6,1.08,
West Virginia,1816,306,23,16.8,1.32,
Wisconsin,5626,567,52,10.1,0.92,
Wyoming,550,53,5,9.6,0.85,
Alabama,4655,770,60,16.6,1.28,2009
Alaska,688,81,8,11.7,1.2,
Arizona,6508,1381,84,21.2,1.29,
Arkansas,2846,538,40,18.9,1.39,
California,36742,5638,177,15.3,0.48,
Colorado,4969,613,58,12.3,1.17,
Connecticut,3472,292,35,8.4,1.01,
Delaware,883,109,11,12.3,1.19,
D.C.,595,107,9,17.9,1.53,
Florida,18385,2676,116,14.6,0.63,
Georgia,9657,1775,91,18.4,0.94,
Hawaii,1250,156,14,12.5,1.16,
Idaho,1524,209,19,13.7,1.22,
Illinois,12759,1690,94,13.2,0.73,
Indiana,6342,1023,70,16.1,1.1,
Iowa,2987,319,34,10.7,1.14,
Kansas,2737,374,35,13.7,1.29,
Kentucky,4276,727,58,17,1.35,
Louisiana,4450,636,55,14.3,1.24,
Maine,1297,148,16,11.4,1.27,
Maryland,5662,543,54,9.6,0.96,
Massachusetts,6623,717,60,10.8,0.9,
Michigan,9797,1376,83,14,0.84,
Minnesota,5200,576,54,11.1,1.03,
Mississippi,2847,658,44,23.1,1.53,
Missouri,5963,926,68,15.5,1.14,
Montana,971,131,12,13.5,1.23,
Nebraska,1778,176,20,9.9,1.1,
Nevada,2629,343,32,13,1.24,
New Hampshire,1313,103,13,7.8,0.99,
New Jersey,8660,806,66,9.3,0.76,
New Mexico,1971,381,31,19.3,1.56,
New York,19158,3018,125,15.8,0.65,
North Carolina,9336,1576,88,16.9,0.94,
North Dakota,632,69,7,10.9,1.14,
Ohio,11441,1526,87,13.3,0.76,
Oklahoma,3632,468,44,12.9,1.22,
Oregon,3821,510,49,13.4,1.27,
Pennsylvania,12401,1376,84,11.1,0.68,
Rhode Island,1030,134,14,13,1.32,
South Carolina,4501,618,55,13.7,1.21,
South Dakota,799,113,9,14.1,1.17,
Tennessee,6240,1031,70,16.5,1.12,
Texas,24632,4262,154,17.3,0.63,
Utah,2794,270,26,9.7,0.94,
Vermont,617,58,7,9.4,1.14,
Virginia,7767,831,65,10.7,0.84,
Washington,6697,781,65,11.7,0.97,
West Virginia,1801,285,22,15.8,1.23,
Wisconsin,5545,599,56,10.8,1,
Wyoming,540,50,6,9.2,1.11,
Alabama,4716,675,57,14.3,1.2,2008
Alaska,672,55,7,8.2,1.03,
Arizona,6529,1172,79,18,1.21,
Arkansas,2822,431,36,15.3,1.28,
California,36637,5344,174,14.6,0.47,
Colorado,4908,541,55,11,1.13,
Connecticut,3433,276,34,8.1,1,
Delaware,861,82,9,9.6,1.08,
D.C.,590,98,9,16.5,1.49,
Florida,18022,2370,110,13.1,0.61,
Georgia,9541,1477,84,15.5,0.88,
Hawaii,1255,125,13,9.9,1.05,
Idaho,1515,185,18,12.2,1.16,
Illinois,12687,1564,90,12.3,0.71,
Indiana,6288,901,66,14.3,1.06,
Iowa,2986,285,32,9.5,1.08,
Kansas,2716,346,34,12.7,1.26,
Kentucky,4246,724,58,17.1,1.36,
Louisiana,4326,788,60,18.2,1.38,
Maine,1317,158,17,12,1.28,
Maryland,5528,481,51,8.7,0.93,
Massachusetts,6420,727,60,11.3,0.94,
Michigan,9806,1273,80,13,0.81,
Minnesota,5120,506,51,9.9,0.99,
Mississippi,2900,525,40,18.1,1.39,
Missouri,5861,780,63,13.3,1.07,
Montana,973,125,12,12.9,1.21,
Nebraska,1774,188,20,10.6,1.14,
Nevada,2581,278,30,10.8,1.15,
New Hampshire,1300,91,12,7,0.95,
New Jersey,8515,787,65,9.2,0.76,
New Mexico,1977,381,31,19.3,1.55,
New York,19309,2734,120,14.2,0.62,
North Carolina,9234,1285,80,13.9,0.87,
North Dakota,625,74,7,11.8,1.19,
Ohio,11386,1557,88,13.7,0.77,
Oklahoma,3550,484,45,13.6,1.26,
Oregon,3806,403,44,10.6,1.15,
Pennsylvania,12178,1335,83,11,0.68,
Rhode Island,1042,132,14,12.7,1.3,
South Carolina,4462,624,55,14,1.23,
South Dakota,794,104,9,13.1,1.13,
Tennessee,6163,924,67,15,1.09,
Texas,24174,3834,148,15.9,0.61,
Utah,2754,209,23,7.6,0.85,
Vermont,610,55,7,9,1.13,
Virginia,7735,799,64,10.3,0.83,
Washington,6526,680,61,10.4,0.93,
West Virginia,1796,260,21,14.5,1.19,
Wisconsin,5548,544,53,9.8,0.96,
Wyoming,529,54,6,10.1,1.17,
Alabama,4566,662,56,14.5,1.23,2007
Alaska,675,51,7,7.6,1,
Arizona,6365,912,71,14.3,1.12,
Arkansas,2803,387,35,13.8,1.23,
California,36247,4589,163,12.7,0.45,
Colorado,4872,478,52,9.8,1.07,
Connecticut,3471,309,36,8.9,1.04,
Delaware,861,80,9,9.3,1.07,
D.C.,580,104,9,18,1.55,
Florida,18044,2250,108,12.5,0.6,
Georgia,9486,1294,80,13.6,0.84,
Hawaii,1264,94,12,7.5,0.91,
Idaho,1501,149,16,9.9,1.07,
Illinois,12680,1262,82,10,0.65,
Indiana,6258,740,61,11.8,0.98,
Iowa,2965,264,31,8.9,1.05,
Kansas,2720,319,33,11.7,1.21,
Kentucky,4202,653,55,15.5,1.32,
Louisiana,4186,673,56,16.1,1.34,
Maine,1312,142,16,10.9,1.23,
Maryland,5560,491,52,8.8,0.93,
Massachusetts,6336,707,59,11.2,0.94,
Michigan,9919,1076,74,10.8,0.75,
Minnesota,5188,482,50,9.3,0.96,
Mississippi,2895,655,44,22.6,1.51,
Missouri,5783,742,62,12.8,1.06,
Montana,938,122,12,13,1.23,
Nebraska,1751,174,20,9.9,1.11,
Nevada,2566,250,28,9.7,1.1,
New Hampshire,1312,76,11,5.8,0.87,
New Jersey,8548,742,63,8.7,0.74,
New Mexico,1941,271,27,14,1.38,
New York,19021,2757,121,14.5,0.63,
North Carolina,9170,1423,84,15.5,0.92,
North Dakota,614,57,7,9.3,1.08,
Ohio,11280,1446,85,12.8,0.76,
Oklahoma,3551,476,44,13.4,1.25,
Oregon,3761,481,47,12.8,1.26,
Pennsylvania,12297,1273,81,10.4,0.66,
Rhode Island,1042,99,12,9.5,1.14,
South Carolina,4380,617,54,14.1,1.24,
South Dakota,787,74,8,9.4,0.99,
Tennessee,6137,906,66,14.8,1.08,
Texas,23653,3903,148,16.5,0.63,
Utah,2651,255,26,9.6,0.97,
Vermont,613,61,7,9.9,1.18,
Virginia,7678,664,59,8.6,0.77,
Washington,6503,661,60,10.2,0.92,
West Virginia,1793,265,22,14.8,1.2,
Wisconsin,5458,601,56,11,1.02,
Wyoming,518,56,6,10.9,1.22,
Alabama,4532,650,56,14.3,1.23,2006
Alaska,658,58,7,8.9,1.08,
Arizona,6256,902,71,14.4,1.13,
Arkansas,2748,487,38,17.7,1.38,
California,36160,4427,160,12.2,0.44,
Colorado,4797,466,52,9.7,1.08,
Connecticut,3457,275,34,8,0.99,
Delaware,858,80,9,9.3,1.07,
D.C.,569,104,9,18.3,1.58,
Florida,18029,2068,104,11.5,0.58,
Georgia,9334,1172,76,12.6,0.82,
Hawaii,1254,116,13,9.2,1.01,
Idaho,1472,141,16,9.5,1.06,
Illinois,12633,1338,85,10.6,0.67,
Indiana,6334,674,59,10.6,0.93,
Iowa,2913,301,33,10.3,1.14,
Kansas,2719,349,34,12.8,1.26,
Kentucky,4106,690,56,16.8,1.37,
Louisiana,4206,713,57,17,1.36,
Maine,1313,134,16,10.2,1.2,
Maryland,5607,469,51,8.4,0.9,
Massachusetts,6324,758,61,12,0.97,
Michigan,9953,1323,81,13.3,0.82,
Minnesota,5145,422,47,8.2,0.91,
Mississippi,2887,596,42,20.6,1.46,
Missouri,5797,659,58,11.4,1.01,
Montana,930,125,12,13.5,1.26,
Nebraska,1765,180,20,10.2,1.12,
Nevada,2530,241,28,9.5,1.1,
New Hampshire,1308,71,11,5.4,0.84,
New Jersey,8650,762,64,8.8,0.74,
New Mexico,1939,328,29,16.9,1.49,
New York,19021,2668,119,14,0.63,
North Carolina,8847,1225,79,13.8,0.89,
North Dakota,615,70,7,11.4,1.18,
Ohio,11297,1371,83,12.1,0.74,
Oklahoma,3489,531,47,15.2,1.33,
Oregon,3705,439,45,11.8,1.23,
Pennsylvania,12326,1397,84,11.3,0.69,
Rhode Island,1054,110,13,10.5,1.19,
South Carolina,4224,474,49,11.2,1.15,
South Dakota,770,82,8,10.7,1.06,
Tennessee,5916,879,65,14.9,1.1,
Texas,23208,3816,147,16.4,0.63,
Utah,2536,235,25,9.3,0.97,
Vermont,618,48,6,7.8,1.05,
Virginia,7532,651,58,8.6,0.77,
Washington,6310,502,53,8,0.84,
West Virginia,1810,277,22,15.3,1.21,
Wisconsin,5471,555,54,10.1,0.98,
Wyoming,516,51,6,10,1.17,
Alabama,4501,750,59,16.7,1.31,2005
Alaska,657,66,7,10,1.14,
Arizona,6025,917,71,15.2,1.18,
Arkansas,2756,382,34,13.8,1.25,
California,35840,4716,164,13.2,0.46,
Colorado,4629,530,55,11.4,1.18,
Connecticut,3483,326,37,9.3,1.06,
Delaware,842,78,9,9.2,1.07,
D.C.,539,115,9,21.3,1.72,
Florida,17845,1975,102,11.1,0.57,
Georgia,9014,1298,80,14.4,0.88,
Hawaii,1274,110,12,8.6,0.97,
Idaho,1441,143,16,9.9,1.08,
Illinois,12571,1441,87,11.5,0.69,
Indiana,6131,774,62,12.6,1.01,
Iowa,2902,327,34,11.3,1.18,
Kansas,2693,337,34,12.5,1.25,
Kentucky,4049,599,53,14.8,1.31,
Louisiana,4086,748,58,18.3,1.42,
Maine,1314,166,17,12.6,1.31,
Maryland,5560,542,54,9.7,0.97,
Massachusetts,6318,641,57,10.1,0.9,
Michigan,9964,1196,78,12,0.78,
Minnesota,5113,412,46,8.1,0.91,
Mississippi,2843,571,41,20.1,1.46,
Missouri,5697,659,58,11.6,1.03,
Montana,926,128,12,13.8,1.28,
Nebraska,1760,167,19,9.5,1.09,
Nevada,2447,260,29,10.6,1.17,
New Hampshire,1298,73,11,5.6,0.86,
New Jersey,8692,592,57,6.8,0.66,
New Mexico,1938,347,29,17.9,1.52,
New York,18995,2760,121,14.5,0.64,
North Carolina,8538,1115,75,13.1,0.88,
North Dakota,625,70,7,11.2,1.16,
Ohio,11310,1392,84,12.3,0.74,
Oklahoma,3486,543,47,15.6,1.35,
Oregon,3619,436,45,12,1.25,
Pennsylvania,12237,1372,84,11.2,0.68,
Rhode Island,1052,127,13,12.1,1.26,
South Carolina,4164,626,55,15,1.31,
South Dakota,765,90,8,11.8,1.11,
Tennessee,5853,872,65,14.9,1.11,
Texas,22777,3681,144,16.2,0.63,
Utah,2521,232,24,9.2,0.97,
Vermont,621,47,6,7.6,1.04,
Virginia,7442,684,60,9.2,0.8,
Washington,6237,636,59,10.2,0.94,
West Virginia,1795,276,22,15.4,1.22,
Wisconsin,5440,553,54,10.2,0.99,
Wyoming,509,54,6,10.6,1.22,
Alabama,4508,762,59,16.9,1.31,2004
Alaska,648,59,7,9.1,1.1,
Arizona,5763,830,68,14.4,1.18,
Arkansas,2723,412,35,15.1,1.3,
California,35772,4724,165,13.2,0.46,
Colorado,4517,450,51,10,1.12,
Connecticut,3487,352,38,10.1,1.1,
Delaware,825,74,9,9,1.07,
D.C.,545,93,9,17,1.57,
Florida,17419,2028,103,11.6,0.59,
Georgia,8700,1132,75,13,0.86,
Hawaii,1244,106,12,8.6,0.98,
Idaho,1372,136,15,9.9,1.11,
Illinois,12563,1546,90,12.3,0.72,
Indiana,6121,712,60,11.6,0.98,
Iowa,2901,316,34,10.9,1.17,
Kansas,2669,304,32,11.4,1.21,
Kentucky,4068,723,57,17.8,1.41,
Louisiana,4419,744,58,16.8,1.33,
Maine,1290,149,17,11.6,1.28,
Maryland,5539,550,54,9.9,0.98,
Massachusetts,6363,594,55,9.3,0.86,
Michigan,9939,1318,81,13.3,0.82,
Minnesota,5120,356,43,7,0.85,
Mississippi,2862,536,40,18.7,1.41,
Missouri,5609,686,60,12.2,1.06,
Montana,908,129,12,14.2,1.3,
Nebraska,1724,163,19,9.5,1.1,
Nevada,2385,260,29,10.9,1.2,
New Hampshire,1291,71,11,5.5,0.85,
New Jersey,8652,693,61,8,0.71,
New Mexico,1899,314,28,16.5,1.49,
New York,19010,2847,122,15,0.64,
North Carolina,8421,1229,79,14.6,0.93,
North Dakota,627,61,7,9.7,1.09,
Ohio,11259,1304,81,11.6,0.72,
Oklahoma,3444,373,40,10.8,1.16,
Oregon,3572,421,45,11.8,1.25,
Pennsylvania,12142,1383,84,11.4,0.69,
Rhode Island,1055,122,13,11.5,1.24,
South Carolina,4120,615,54,14.9,1.31,
South Dakota,751,102,9,13.5,1.18,
Tennessee,5846,932,67,15.9,1.14,
Texas,22288,3669,144,16.5,0.65,
Utah,2390,241,25,10.1,1.04,
Vermont,616,48,7,7.8,1.06,
Virginia,7369,693,60,9.4,0.81,
Washington,6116,700,61,11.4,1,
West Virginia,1791,254,21,14.2,1.18,
Wisconsin,5456,676,59,12.4,1.08,
Wyoming,496,50,6,10,1.2,
Alabama,4417,663,56,15,1.17,2003
Alaska,643,62,6,9.6,0.93,
Arizona,5558,749,70,13.5,1.17,
Arkansas,2670,474,39,17.8,1.34,
California,35309,4634,198,13.1,0.53,
Colorado,4478,436,40,9.7,0.85,
Connecticut,3417,278,28,8.1,0.79,
Delaware,818,60,7,7.3,0.86,
D.C.,550,92,8,16.8,1.37,
Florida,16884,2148,114,12.7,0.63,
Georgia,8559,1014,94,11.9,1.03,
Hawaii,1250,117,12,9.3,0.95,
Idaho,1356,138,15,10.2,1.03,
Illinois,12616,1592,95,12.6,0.71,
Indiana,6130,610,54,9.9,0.83,
Iowa,2916,260,26,8.9,0.87,
Kansas,2676,288,27,10.8,0.95,
Kentucky,4100,589,50,14.4,1.13,
Louisiana,4422,750,63,17,1.3,
Maine,1279,149,13,11.6,0.92,
Maryland,5485,472,47,8.6,0.83,
Massachusetts,6357,652,56,10.3,0.83,
Michigan,9893,1125,77,11.4,0.73,
Minnesota,5075,376,40,7.4,0.76,
Mississippi,2851,456,41,16,1.32,
Missouri,5606,602,55,10.7,0.93,
Montana,915,139,13,15.1,1.31,
Nebraska,1725,168,17,9.8,0.96,
Nevada,2242,244,22,10.9,0.92,
New Hampshire,1263,73,9,5.8,0.69,
New Jersey,8574,741,60,8.6,0.67,
New Mexico,1867,338,30,18.1,1.48,
New York,18922,2707,120,14.3,0.59,
North Carolina,8223,1289,86,15.7,0.96,
North Dakota,631,61,6,9.7,0.94,
Ohio,11227,1226,83,10.9,0.7,
Oklahoma,3430,440,40,12.8,1.1,
Oregon,3560,446,40,12.5,1.05,
Pennsylvania,12135,1279,82,10.5,0.64,
Rhode Island,1051,121,10,11.5,0.91,
South Carolina,4060,516,46,12.7,1.07,
South Dakota,749,95,8,12.7,1.01,
Tennessee,5901,829,75,14,1.18,
Texas,21827,3705,170,17,0.72,
Utah,2346,213,23,9.1,0.92,
Vermont,610,52,5,8.5,0.86,
Virginia,7367,740,71,10,0.91,
Washington,6078,766,68,12.6,1.05,
West Virginia,1785,310,23,17.4,1.17,
Wisconsin,5412,528,48,9.8,0.84,
Wyoming,487,48,5,9.8,0.98,
Alabama,4432,640,55,14.5,1.15,2002
Alaska,632,56,6,8.8,0.9,
Arizona,5424,735,69,13.5,1.19,
Arkansas,2690,532,42,19.8,1.39,
California,35068,4605,197,13.1,0.53,
Colorado,4470,436,40,9.8,0.85,
Connecticut,3377,279,28,8.3,0.8,
Delaware,796,73,8,9.1,0.97,
D.C.,570,97,8,17,1.35,
Florida,16391,2058,112,12.6,0.64,
Georgia,8413,939,90,11.2,1.01,
Hawaii,1219,138,14,11.3,1.04,
Idaho,1296,147,15,11.3,1.11,
Illinois,12495,1594,96,12.8,0.72,
Indiana,6086,552,51,9.1,0.8,
Iowa,2899,267,27,9.2,0.88,
Kansas,2681,269,26,10.1,0.92,
Kentucky,4033,571,49,14.2,1.13,
Louisiana,4445,777,64,17.5,1.32,
Maine,1265,170,13,13.4,0.99,
Maryland,5419,400,44,7.4,0.77,
Massachusetts,6469,648,56,10,0.82,
Michigan,9897,1152,78,11.6,0.74,
Minnesota,5044,325,37,6.5,0.72,
Mississippi,2785,513,44,18.4,1.41,
Missouri,5581,551,53,9.9,0.9,
Montana,902,122,12,13.5,1.25,
Nebraska,1700,181,18,10.6,1,
Nevada,2114,188,19,8.9,0.86,
New Hampshire,1264,73,9,5.8,0.69,
New Jersey,8585,681,57,7.9,0.64,
New Mexico,1837,328,30,17.9,1.48,
New York,19224,2690,120,14,0.58,
North Carolina,8146,1165,82,14.3,0.93,
North Dakota,632,73,7,11.6,1.01,
Ohio,11253,1099,79,9.8,0.67,
Oklahoma,3473,489,43,14.1,1.14,
Oregon,3503,380,37,10.9,1,
Pennsylvania,12168,1152,78,9.5,0.61,
Rhode Island,1055,116,10,11,0.89,
South Carolina,3989,568,49,14.3,1.13,
South Dakota,743,85,8,11.5,0.97,
Tennessee,5655,839,75,14.8,1.23,
Texas,21482,3362,162,15.6,0.7,
Utah,2308,228,24,9.9,0.97,
Vermont,616,61,6,9.9,0.92,
Virginia,7108,702,69,9.9,0.92,
Washington,5988,657,63,11,1,
West Virginia,1747,293,22,16.8,1.16,
Wisconsin,5463,467,45,8.6,0.79,
Wyoming,488,44,5,9,0.94,
Alabama,4378,696,57,15.9,1.21,2001
Alaska,632,54,6,8.5,0.88,
Arizona,5314,778,71,14.6,1.24,
Arkansas,2650,472,39,17.8,1.35,
California,34394,4321,191,12.6,0.52,
Colorado,4402,383,37,8.7,0.81,
Connecticut,3385,249,27,7.3,0.76,
Delaware,790,53,7,6.7,0.85,
D.C.,554,101,9,18.2,1.41,
Florida,16316,2077,112,12.7,0.65,
Georgia,8261,1069,96,12.9,1.09,
Hawaii,1205,138,13,11.4,1.05,
Idaho,1314,151,15,11.5,1.11,
Illinois,12314,1249,85,10.1,0.65,
Indiana,6030,511,49,8.5,0.78,
Iowa,2858,212,24,7.4,0.8,
Kansas,2635,267,26,10.1,0.94,
Kentucky,3989,503,46,12.6,1.08,
Louisiana,4372,709,61,16.2,1.29,
Maine,1277,132,12,10.3,0.88,
Maryland,5318,385,43,7.2,0.77,
Massachusetts,6302,561,52,8.9,0.79,
Michigan,9880,927,70,9.4,0.67,
Minnesota,4910,361,39,7.4,0.77,
Mississippi,2794,539,45,19.3,1.44,
Missouri,5513,537,52,9.7,0.9,
Montana,891,119,12,13.3,1.25,
Nebraska,1680,158,17,9.4,0.95,
Nevada,2129,152,17,7.1,0.78,
New Hampshire,1254,81,9,6.5,0.73,
New Jersey,8456,683,57,8.1,0.65,
New Mexico,1795,323,30,18,1.5,
New York,18783,2664,119,14.2,0.59,
North Carolina,8084,1013,76,12.5,0.88,
North Dakota,620,86,7,13.8,1.1,
Ohio,11178,1174,82,10.5,0.69,
Oklahoma,3372,508,43,15.1,1.18,
Oregon,3446,408,38,11.8,1.04,
Pennsylvania,12087,1158,78,9.6,0.62,
Rhode Island,1043,100,9,9.6,0.84,
South Carolina,3995,603,50,15.1,1.16,
South Dakota,737,62,7,8.4,0.85,
Tennessee,5670,802,74,14.1,1.2,
Texas,21030,3129,157,14.9,0.69,
Utah,2257,238,24,10.5,1.01,
Vermont,605,59,6,9.7,0.92,
Virginia,7080,564,62,8,0.84,
Washington,5920,634,62,10.7,0.99,
West Virginia,1769,291,22,16.4,1.15,
Wisconsin,5323,423,43,7.9,0.78,
Wyoming,487,42,5,8.7,0.93,
Alabama,4376,583,53,13.3,1.12,2000
Alaska,620,47,5,7.6,0.85,
Arizona,5181,607,63,11.7,1.14,
Arkansas,2650,436,38,16.5,1.3,
California,33889,4294,191,12.7,0.53,
Colorado,4334,425,39,9.8,0.86,
Connecticut,3365,258,27,7.7,0.77,
Delaware,777,65,8,8.4,0.94,
D.C.,552,84,8,15.2,1.32,
Florida,15991,1754,103,11,0.61,
Georgia,8112,982,92,12.1,1.07,
Hawaii,1195,106,12,8.9,0.94,
Idaho,1289,162,16,12.5,1.16,
Illinois,12269,1307,87,10.7,0.67,
Indiana,6007,513,49,8.5,0.79,
Iowa,2858,237,25,8.3,0.85,
Kansas,2649,213,23,8,0.84,
Kentucky,3995,502,46,12.6,1.08,
Louisiana,4354,750,63,17.2,1.32,
Maine,1267,128,12,10.1,0.87,
Maryland,5241,386,43,7.4,0.79,
Massachusetts,6284,618,54,9.8,0.82,
Michigan,9813,967,71,9.9,0.69,
Minnesota,4890,276,34,5.7,0.68,
Mississippi,2794,418,39,14.9,1.3,
Missouri,5517,505,51,9.2,0.87,
Montana,888,126,12,14.1,1.29,
Nebraska,1679,145,16,8.6,0.92,
Nevada,2045,180,19,8.8,0.88,
New Hampshire,1231,56,8,4.5,0.62,
New Jersey,8384,612,54,7.3,0.62,
New Mexico,1790,312,29,17.5,1.49,
New York,18752,2604,118,13.9,0.59,
North Carolina,7983,1000,76,12.5,0.89,
North Dakota,622,65,6,10.4,0.97,
Ohio,11160,1117,80,10,0.68,
Oklahoma,3378,503,43,14.9,1.18,
Oregon,3415,371,36,10.9,1.01,
Pennsylvania,12044,1033,74,8.6,0.59,
Rhode Island,1035,106,9,10.2,0.87,
South Carolina,3964,441,43,11.1,1.02,
South Dakota,737,79,7,10.7,0.94,
Tennessee,5630,759,72,13.5,1.18,
Texas,20695,3204,158,15.5,0.71,
Utah,2239,170,20,7.6,0.87,
Vermont,599,60,6,10,0.94,
Virginia,6977,577,63,8.3,0.86,
Washington,5863,634,62,10.8,1,
West Virginia,1773,261,21,14.7,1.09,
Wisconsin,5308,493,46,9.3,0.83,
Wyoming,485,52,5,10.8,1.02,
Alabama,4388,668,84,15.2,1.76,1999
Alaska,630,48,9,7.6,1.32,
Arizona,5057,616,79,12.2,1.46,
Arkansas,2616,384,48,14.7,1.71,
California,33705,4733,250,14,0.69,
Colorado,4319,366,59,8.5,1.32,
Connecticut,3418,246,51,7.2,1.43,
Delaware,768,80,14,10.4,1.67,
D.C.,545,80,12,14.7,1.96,
Florida,15566,1937,139,12.4,0.84,
Georgia,7877,1011,121,12.8,1.44,
Hawaii,1225,133,22,10.8,1.69,
Idaho,1240,175,22,14.1,1.65,
Illinois,12248,1215,112,9.9,0.87,
Indiana,5914,396,75,6.7,1.23,
Iowa,2856,210,39,7.4,1.33,
Kansas,2605,320,46,12.3,1.67,
Kentucky,3859,467,67,12.1,1.62,
Louisiana,4289,823,90,19.2,1.89,
Maine,1260,134,23,10.6,1.7,
Maryland,5049,367,72,7.3,1.38,
Massachusetts,6262,738,79,11.8,1.18,
Michigan,10052,978,97,9.7,0.92,
Minnesota,4868,354,64,7.3,1.26,
Mississippi,2755,446,54,16.2,1.81,
Missouri,5511,647,96,11.7,1.63,
Montana,891,141,17,15.8,1.76,
Nebraska,1683,184,28,11,1.59,
Nevada,2033,229,32,11.3,1.5,
New Hampshire,1255,96,19,7.6,1.49,
New Jersey,8232,646,74,7.8,0.86,
New Mexico,1831,383,40,20.9,1.94,
New York,18855,2676,156,14.2,0.77,
North Carolina,7766,1069,102,13.8,1.22,
North Dakota,621,81,12,13.1,1.75,
Ohio,11223,1343,119,12,1,
Oklahoma,3300,424,57,12.8,1.6,
Oregon,3421,432,62,12.6,1.7,
Pennsylvania,11948,1117,105,9.3,0.84,
Rhode Island,1033,103,18,10,1.65,
South Carolina,3800,445,68,11.7,1.69,
South Dakota,709,55,10,7.7,1.33,
Tennessee,5583,662,96,11.9,1.61,
Texas,20173,3072,195,15.2,0.9,
Utah,2194,126,24,5.7,1.05,
Vermont,599,58,10,9.6,1.65,
Virginia,6831,537,91,7.9,1.28,
Washington,5698,545,91,9.6,1.52,
West Virginia,1734,272,33,15.7,1.76,
Wisconsin,5429,466,77,8.6,1.36,
Wyoming,484,56,8,11.6,1.62,
Alabama,4190,609,80,14.5,1.76,1998
Alaska,641,60,10,9.4,1.44,
Arizona,4887,812,90,16.6,1.69,
Arkansas,2559,377,48,14.7,1.73,
California,33292,5118,259,15.4,0.72,
Colorado,3966,363,59,9.2,1.42,
Connecticut,3275,310,57,9.5,1.65,
Delaware,781,80,14,10.3,1.64,
D.C.,510,114,14,22.3,2.37,
Florida,14629,1923,139,13.1,0.89,
Georgia,7634,1034,122,13.5,1.49,
Hawaii,1201,131,22,10.9,1.72,
Idaho,1273,165,22,13,1.58,
Illinois,12255,1234,113,10.1,0.88,
Indiana,5830,547,88,9.4,1.44,
Iowa,2834,257,44,9.1,1.47,
Kansas,2615,250,41,9.6,1.49,
Kentucky,3860,521,70,13.5,1.7,
Louisiana,4305,821,90,19.1,1.88,
Maine,1263,131,22,10.4,1.68,
Maryland,5014,359,72,7.2,1.38,
Massachusetts,6100,528,67,8.7,1.04,
Michigan,10012,1097,103,11,0.97,
Minnesota,4815,498,76,10.3,1.49,
Mississippi,2758,486,57,17.6,1.87,
Missouri,5399,531,87,9.8,1.53,
Montana,922,153,18,16.6,1.76,
Nebraska,1713,211,30,12.3,1.66,
Nevada,1845,195,30,10.6,1.53,
New Hampshire,1216,119,22,9.8,1.69,
New Jersey,8072,693,77,8.6,0.91,
New Mexico,1823,371,39,20.4,1.92,
New York,18370,3068,167,16.7,0.84,
North Carolina,7412,1039,101,14,1.26,
North Dakota,644,97,13,15.1,1.82,
Ohio,11201,1253,115,11.2,0.97,
Oklahoma,3251,458,59,14.1,1.68,
Oregon,3352,503,67,15,1.84,
Pennsylvania,11890,1338,115,11.3,0.91,
Rhode Island,965,112,19,11.6,1.82,
South Carolina,3851,527,74,13.7,1.79,
South Dakota,710,77,12,10.8,1.55,
Tennessee,5569,749,102,13.4,1.7,
Texas,19889,2994,193,15.1,0.9,
Utah,2106,190,29,9,1.32,
Vermont,592,58,10,9.9,1.68,
Virginia,6679,589,95,8.8,1.36,
Washington,5729,512,88,8.9,1.47,
West Virginia,1748,312,36,17.8,1.84,
Wisconsin,5127,449,76,8.8,1.41,
Wyoming,484,51,8,10.6,1.56,
Alabama,4243,665,83,15.7,1.81,1997
Alaska,640,56,9,8.8,1.4,
Arizona,4643,797,89,17.2,1.76,
Arkansas,2621,515,56,19.7,1.92,
California,32877,5459,268,16.6,0.75,
Colorado,3921,320,56,8.2,1.36,
Connecticut,3296,282,54,8.6,1.57,
Delaware,749,72,13,9.6,1.63,
D.C.,516,113,14,21.8,2.34,
Florida,14354,2056,143,14.3,0.93,
Georgia,7631,1109,127,14.5,1.54,
Hawaii,1182,164,24,13.9,1.92,
Idaho,1251,183,23,14.7,1.67,
Illinois,12065,1349,118,11.2,0.92,
Indiana,5849,515,86,8.8,1.4,
Iowa,2820,270,45,9.6,1.5,
Kansas,2583,250,41,9.7,1.51,
Kentucky,3913,623,77,15.9,1.81,
Louisiana,4241,691,82,16.3,1.78,
Maine,1222,124,22,10.1,1.69,
Maryland,5043,422,78,8.4,1.48,
Massachusetts,5991,732,78,12.2,1.23,
Michigan,9783,1006,98,10.3,0.95,
Minnesota,4748,457,73,9.6,1.45,
Mississippi,2731,455,55,16.7,1.84,
Missouri,5315,627,94,11.8,1.67,
Montana,892,139,17,15.6,1.75,
Nebraska,1658,163,27,9.8,1.53,
Nevada,1723,190,29,11,1.61,
New Hampshire,1197,109,21,9.1,1.65,
New Jersey,7967,737,79,9.3,0.95,
New Mexico,1823,387,40,21.2,1.95,
New York,18103,2979,165,16.5,0.84,
North Carolina,7345,839,90,11.4,1.16,
North Dakota,638,87,12,13.6,1.75,
Ohio,11212,1231,114,11,0.96,
Oklahoma,3321,456,59,13.7,1.64,
Oregon,3284,382,58,11.6,1.67,
Pennsylvania,11904,1337,115,11.2,0.91,
Rhode Island,943,120,19,12.7,1.92,
South Carolina,3813,500,72,13.1,1.77,
South Dakota,708,117,14,16.5,1.85,
Tennessee,5536,791,105,14.3,1.75,
Texas,19688,3297,202,16.7,0.94,
Utah,2085,185,29,8.9,1.31,
Vermont,580,54,10,9.3,1.65,
Virginia,6747,858,115,12.7,1.59,
Washington,5735,529,90,9.2,1.49,
West Virginia,1742,286,34,16.4,1.79,
Wisconsin,5120,422,73,8.2,1.37,
Wyoming,490,66,9,13.5,1.73,
Alabama,4258,595,79,14,1.72,1996
Alaska,657,54,9,8.2,1.33,
Arizona,4786,980,99,20.5,1.85,
Arkansas,2606,449,52,17.2,1.83,
California,32305,5472,268,16.9,0.76,
Colorado,3869,412,63,10.6,1.54,
Connecticut,3341,392,64,11.7,1.79,
Delaware,732,63,12,8.6,1.56,
D.C.,538,130,15,24.1,2.38,
Florida,14343,2037,143,14.2,0.92,
Georgia,7390,1097,126,14.8,1.58,
Hawaii,1172,142,23,12.1,1.82,
Idaho,1185,140,20,11.9,1.57,
Illinois,11810,1429,121,12.1,0.97,
Indiana,5681,428,78,7.5,1.33,
Iowa,2898,279,45,9.6,1.49,
Kansas,2569,287,44,11.2,1.61,
Kentucky,3877,658,79,17,1.86,
Louisiana,4263,873,93,20.5,1.94,
Maine,1203,135,23,11.2,1.78,
Maryland,5085,522,86,10.3,1.61,
Massachusetts,6150,622,72,10.1,1.12,
Michigan,9572,1068,101,11.2,1,
Minnesota,4690,458,73,9.8,1.47,
Mississippi,2797,575,62,20.6,1.97,
Missouri,5268,500,84,9.5,1.52,
Montana,908,155,18,17,1.8,
Nebraska,1666,169,27,10.2,1.55,
Nevada,1634,133,25,8.1,1.45,
New Hampshire,1142,73,17,6.4,1.44,
New Jersey,7858,726,78,9.2,0.95,
New Mexico,1847,472,44,25.5,2.07,
New York,18345,3058,167,16.7,0.84,
North Carolina,7254,885,93,12.2,1.2,
North Dakota,628,69,11,11,1.61,
Ohio,11254,1424,122,12.7,1.02,
Oklahoma,3344,556,65,16.6,1.77,
Oregon,3234,382,58,11.8,1.7,
Pennsylvania,11889,1374,117,11.6,0.93,
Rhode Island,940,104,18,11,1.8,
South Carolina,3698,482,71,13,1.79,
South Dakota,701,82,12,11.8,1.62,
Tennessee,5528,878,110,15.9,1.83,
Texas,19184,3180,199,16.6,0.95,
Utah,1998,153,26,7.7,1.26,
Vermont,586,74,12,12.6,1.87,
Virginia,6481,795,110,12.3,1.6,
Washington,5620,666,101,11.9,1.68,
West Virginia,1745,323,36,18.5,1.87,
Wisconsin,5205,460,77,8.8,1.41,
Wyoming,486,58,8,11.9,1.64,
Alabama,4396,882,86,20.1,1.96,1995
Alaska,630,45,8,7.1,1.28,
Arizona,4337,700,77,16.1,1.77,
Arkansas,2532,376,44,14.9,1.75,
California,32055,5342,244,16.7,0.76,
Colorado,3793,335,54,8.8,1.43,
Connecticut,3276,318,55,9.7,1.67,
Delaware,713,74,12,10.3,1.72,
D.C.,551,122,13,22.2,2.28,
Florida,14306,2321,140,16.2,0.98,
Georgia,7262,878,106,12.1,1.46,
Hawaii,1187,122,20,10.3,1.68,
Idaho,1154,167,20,14.5,1.73,
Illinois,11761,1459,115,12.4,0.98,
Indiana,5673,545,84,9.6,1.48,
Iowa,2894,352,48,12.2,1.65,
Kansas,2535,273,41,10.8,1.6,
Kentucky,3876,572,68,14.7,1.76,
Louisiana,4306,849,82,19.7,1.9,
Maine,1225,138,22,11.2,1.77,
Maryland,5133,520,82,10.1,1.59,
Massachusetts,6065,665,70,11,1.16,
Michigan,9637,1174,100,12.2,1.04,
Minnesota,4628,427,67,9.2,1.44,
Mississippi,2685,630,56,23.5,2.11,
Missouri,5140,484,79,9.4,1.54,
Montana,870,133,15,15.3,1.76,
Nebraska,1648,159,25,9.6,1.52,
Nevada,1558,173,26,11.1,1.7,
New Hampshire,1139,60,15,5.3,1.32,
New Jersey,7879,617,70,7.8,0.88,
New Mexico,1806,457,37,25.3,2.08,
New York,18258,3020,153,16.5,0.84,
North Carolina,6935,877,86,12.6,1.25,
North Dakota,635,76,11,12,1.66,
Ohio,11211,1285,110,11.5,0.98,
Oklahoma,3204,548,59,17.1,1.83,
Oregon,3208,360,53,11.2,1.66,
Pennsylvania,12031,1464,113,12.2,0.94,
Rhode Island,962,102,17,10.6,1.75,
South Carolina,3741,744,79,19.9,2.11,
South Dakota,713,103,13,14.5,1.75,
Tennessee,5462,846,100,15.5,1.83,
Texas,18761,3270,184,17.4,0.98,
Utah,1999,168,26,8.4,1.31,
Vermont,593,61,10,10.3,1.7,
Virginia,6371,648,95,10.2,1.48,
Washington,5424,677,95,12.5,1.75,
West Virginia,1793,300,32,16.7,1.77,
Wisconsin,5300,449,72,8.5,1.37,
Wyoming,482,59,8,12.2,1.66,
Alabama,4299,704,80,16.4,1.87,1994
Alaska,592,61,8,10.2,1.38,
Arizona,4223,673,74,15.9,1.79,
Arkansas,2414,369,44,15.3,1.83,
California,31669,5658,233,17.9,0.74,
Colorado,3736,335,55,9,1.48,
Connecticut,3192,344,59,10.8,1.85,
Delaware,681,57,11,8.3,1.56,
D.C.,607,129,15,21.2,2.45,
Florida,14258,2128,123,14.9,0.87,
Georgia,7220,1012,120,14,1.68,
Hawaii,1106,97,17,8.7,1.55,
Idaho,1138,137,17,12,1.51,
Illinois,11808,1464,106,12.4,0.9,
Indiana,5967,816,106,13.7,1.79,
Iowa,2815,302,44,10.7,1.57,
Kansas,2522,375,45,14.9,1.77,
Kentucky,3843,710,76,18.5,1.99,
Louisiana,4351,1117,101,25.7,2.32,
Maine,1201,113,19,9.4,1.58,
Maryland,5045,541,83,10.7,1.65,
Massachusetts,6005,585,50,9.7,0.83,
Michigan,9519,1347,89,14.1,0.94,
Minnesota,4486,523,76,11.7,1.69,
Mississippi,2587,515,51,19.9,1.97,
Missouri,5107,797,100,15.6,1.96,
Montana,844,97,13,11.5,1.59,
Nebraska,1648,146,23,8.8,1.38,
Nevada,1521,168,22,11.1,1.49,
New Hampshire,1131,87,18,7.7,1.57,
New Jersey,7920,730,62,9.2,0.78,
New Mexico,1685,356,33,21.1,1.96,
New York,18213,3097,140,17,0.77,
North Carolina,6895,980,62,14.2,0.91,
North Dakota,627,65,9,10.4,1.5,
Ohio,11139,1571,103,14.1,0.93,
Oklahoma,3232,540,61,16.7,1.9,
Oregon,3152,373,54,11.8,1.73,
Pennsylvania,11967,1496,106,12.5,0.88,
Rhode Island,968,99,17,10.3,1.78,
South Carolina,3633,501,57,13.8,1.59,
South Dakota,737,107,12,14.5,1.6,
Tennessee,5338,779,89,14.6,1.69,
Texas,18894,3603,184,19.1,0.99,
Utah,1926,154,25,8,1.29,
Vermont,589,45,9,7.6,1.51,
Virginia,6616,710,91,10.7,1.38,
Washington,5259,614,83,11.7,1.6,
West Virginia,1804,336,37,18.6,2.04,
Wisconsin,5003,453,69,9,1.39,
Wyoming,485,45,8,9.3,1.73,
Alabama,4168,725,81,17.4,1.94,1993
Alaska,570,52,8,9.1,1.34,
Arizona,4003,615,72,15.4,1.81,
Arkansas,2421,484,49,20,2.04,
California,31970,5803,235,18.2,0.74,
Colorado,3564,354,56,9.9,1.59,
Connecticut,3259,277,54,8.5,1.65,
Delaware,711,73,12,10.2,1.68,
D.C.,597,158,16,26.4,2.67,
Florida,14118,2507,131,17.8,0.94,
Georgia,6825,919,115,13.5,1.7,
Hawaii,1135,91,17,8,1.47,
Idaho,1145,150,18,13.1,1.57,
Illinois,11725,1600,110,13.6,0.94,
Indiana,5751,704,100,12.2,1.74,
Iowa,2809,290,43,10.3,1.54,
Kansas,2496,327,42,13.1,1.69,
Kentucky,3740,763,78,20.4,2.09,
Louisiana,4246,1119,101,26.4,2.37,
Maine,1276,196,24,15.4,1.89,
Maryland,4925,479,79,9.7,1.61,
Massachusetts,5991,641,52,10.7,0.86,
Michigan,9560,1475,93,15.4,0.97,
Minnesota,4354,506,75,11.6,1.71,
Mississippi,2584,639,55,24.7,2.12,
Missouri,5185,832,102,16.1,1.97,
Montana,850,127,15,14.9,1.77,
Nebraska,1641,169,24,10.3,1.48,
Nevada,1444,141,21,9.8,1.44,
New Hampshire,1131,112,20,9.9,1.76,
New Jersey,7968,866,67,10.9,0.84,
New Mexico,1623,282,30,17.4,1.86,
New York,18218,2981,137,16.4,0.76,
North Carolina,6732,966,62,14.4,0.92,
North Dakota,625,70,10,11.2,1.55,
Ohio,11264,1461,100,13,0.89,
Oklahoma,3326,662,66,19.9,2,
Oregon,3077,363,53,11.8,1.75,
Pennsylvania,12073,1598,109,13.2,0.9,
Rhode Island,969,108,18,11.2,1.84,
South Carolina,3630,678,65,18.7,1.79,
South Dakota,717,102,12,14.2,1.61,
Tennessee,5092,998,98,19.6,1.94,
Texas,18266,3177,176,17.4,0.97,
Utah,1906,203,28,10.7,1.48,
Vermont,588,59,10,10,1.7,
Virginia,6470,627,86,9.7,1.34,
Washington,5224,634,85,12.1,1.63,
West Virginia,1803,400,39,22.2,2.17,
Wisconsin,5033,636,80,12.6,1.6,
Wyoming,481,64,10,13.3,2.02,
Alabama,4226,729,81,17.3,1.92,1992
Alaska,572,58,8,10.2,1.4,
Arizona,3851,607,71,15.8,1.86,
Arkansas,2463,430,47,17.5,1.92,
California,31701,5197,225,16.4,0.72,
Colorado,3478,376,58,10.8,1.67,
Connecticut,3272,321,57,9.8,1.76,
Delaware,709,55,11,7.8,1.49,
D.C.,591,120,14,20.3,2.45,
Florida,13714,2139,123,15.6,0.91,
Georgia,6664,1177,128,17.7,1.92,
Hawaii,1187,133,20,11.2,1.67,
Idaho,1095,166,19,15.2,1.7,
Illinois,11892,1857,117,15.6,0.99,
Indiana,5622,661,97,11.8,1.73,
Iowa,2846,328,46,11.5,1.61,
Kansas,2510,279,39,11.1,1.57,
Kentucky,3720,731,77,19.7,2.07,
Louisiana,4256,1043,99,24.5,2.31,
Maine,1239,167,23,13.5,1.82,
Maryland,4946,583,86,11.8,1.74,
Massachusetts,5843,600,50,10.3,0.86,
Michigan,9322,1271,87,13.6,0.94,
Minnesota,4318,561,78,13,1.8,
Mississippi,2725,671,56,24.6,2.07,
Missouri,5062,795,100,15.7,1.98,
Montana,855,118,15,13.8,1.71,
Nebraska,1606,169,24,10.6,1.51,
Nevada,1353,199,24,14.7,1.78,
New Hampshire,1114,97,19,8.7,1.67,
New Jersey,7803,803,65,10.3,0.83,
New Mexico,1611,348,32,21.6,2.02,
New York,17975,2820,134,15.7,0.75,
North Carolina,6813,1080,65,15.8,0.95,
North Dakota,616,74,10,12.1,1.62,
Ohio,11175,1398,98,12.5,0.88,
Oklahoma,3269,607,64,18.6,1.97,
Oregon,3039,346,52,11.4,1.73,
Pennsylvania,12018,1425,104,11.9,0.86,
Rhode Island,960,119,19,12.4,1.94,
South Carolina,3675,697,66,19,1.79,
South Dakota,705,106,12,15.1,1.66,
Tennessee,5036,858,93,17,1.85,
Texas,17921,3282,178,18.3,1,
Utah,1830,172,26,9.4,1.43,
Vermont,582,61,10,10.5,1.75,
Virginia,6241,592,84,9.5,1.35,
Washington,5138,574,81,11.2,1.59,
West Virginia,1795,401,39,22.3,2.18,
Wisconsin,5118,560,76,10.9,1.49,
Wyoming,475,49,9,10.3,1.82,
Alabama,4178,786,83,18.8,2,1991
Alaska,525,62,8,11.8,1.6,
Arizona,3603,532,67,14.8,1.9,
Arkansas,2450,425,47,17.3,1.9,
California,30735,4825,219,15.7,0.7,
Colorado,3319,347,56,10.4,1.7,
Connecticut,3341,287,55,8.6,1.6,
Delaware,709,53,10,7.5,1.5,
D.C.,530,98,13,18.6,2.5,
Florida,13412,2069,122,15.4,0.9,
Georgia,6265,1077,123,17.2,2,
Hawaii,1164,90,17,7.7,1.4,
Idaho,1035,144,17,13.9,1.7,
Illinois,11800,1598,110,13.5,0.9,
Indiana,5533,866,109,15.7,2,
Iowa,2821,271,42,9.6,1.5,
Kansas,2580,317,42,12.3,1.6,
Kentucky,3640,683,75,18.8,2.1,
Louisiana,4185,795,89,19,2.1,
Maine,1213,171,23,14.1,1.9,
Maryland,4767,432,75,9.1,1.6,
Massachusetts,5803,637,51,11,0.9,
Michigan,9263,1308,88,14.1,1,
Minnesota,4384,564,78,12.9,1.8,
Mississippi,2681,635,55,23.7,2.1,
Missouri,4993,740,97,14.8,1.9,
Montana,822,127,15,15.4,1.8,
Nebraska,1661,157,23,9.5,1.4,
Nevada,1237,141,21,11.4,1.7,
New Hampshire,1107,81,17,7.3,1.5,
New Jersey,7736,754,63,9.7,0.8,
New Mexico,1554,349,32,22.4,2.1,
New York,17914,2736,133,15.3,0.7,
North Carolina,6641,964,62,14.5,0.9,
North Dakota,635,92,11,14.5,1.7,
Ohio,11061,1488,101,13.4,0.9,
Oklahoma,3173,541,61,17,1.9,
Oregon,2967,401,56,13.5,1.9,
Pennsylvania,12147,1340,101,11,0.8,
Rhode Island,949,99,17,10.4,1.8,
South Carolina,3538,582,61,16.4,1.7,
South Dakota,689,96,11,14,1.6,
Tennessee,4787,744,88,15.5,1.8,
Texas,16964,2965,171,17.5,1,
Utah,1717,222,29,12.9,1.7,
Vermont,579,73,11,12.6,1.9,
Virginia,6144,608,85,9.9,1.4,
Washington,4989,474,75,9.5,1.5,
West Virginia,1830,327,37,17.9,2,
Wisconsin,4952,492,72,9.9,1.5,
Wyoming,470,47,8,9.9,1.8,
Alabama,4063,779,83,19.2,2,1990
Alaska,499,57,8,11.4,1.6,
Arizona,3521,484,65,13.7,1.8,
Arkansas,2411,472,49,19.6,2,
California,29765,4128,205,13.9,0.7,
Colorado,3367,461,63,13.7,1.9,
Connecticut,3265,196,46,6,1.4,
Delaware,690,48,10,6.9,1.4,
D.C.,570,120,14,21.1,2.5,
Florida,13179,1896,117,14.4,0.9,
Georgia,6349,1001,120,15.8,1.9,
Hawaii,1100,121,19,11,1.7,
Idaho,1048,157,18,14.9,1.7,
Illinois,11696,1606,111,13.7,1,
Indiana,5480,714,100,13,1.8,
Iowa,2784,289,43,10.4,1.6,
Kansas,2510,259,38,10.3,1.5,
Kentucky,3620,628,73,17.3,2,
Louisiana,4034,952,96,23.6,2.3,
Maine,1231,162,22,13.1,1.8,
Maryland,4727,468,78,9.9,1.7,
Massachusetts,5832,626,51,10.7,0.9,
Michigan,9187,1315,88,14.3,1,
Minnesota,4366,524,76,12,1.7,
Mississippi,2663,684,56,25.7,2.1,
Missouri,5238,700,95,13.4,1.8,
Montana,820,134,15,16.3,1.9,
Nebraska,1617,167,24,10.3,1.5,
Nevada,1218,119,19,9.8,1.6,
New Hampshire,1085,68,16,6.3,1.5,
New Jersey,7741,711,61,9.2,0.8,
New Mexico,1524,319,31,20.9,2.1,
New York,18038,2571,129,14.3,0.7,
North Carolina,6377,829,58,13,0.9,
North Dakota,635,87,11,13.7,1.7,
Ohio,10890,1256,94,11.5,0.9,
Oklahoma,3091,481,58,15.6,1.9,
Oregon,2891,267,47,9.2,1.6,
Pennsylvania,12097,1328,100,11,0.8,
Rhode Island,946,71,15,7.5,1.6,
South Carolina,3391,548,60,16.2,1.8,
South Dakota,696,93,11,13.3,1.6,
Tennessee,4927,833,92,16.9,1.9,
Texas,16873,2684,164,15.9,1,
Utah,1739,143,24,8.2,1.4,
Vermont,564,61,10,10.9,1.8,
Virginia,6322,705,91,11.1,1.4,
Washington,4880,434,72,8.9,1.5,
West Virginia,1810,328,37,18.1,2,
Wisconsin,4815,448,69,9.3,1.4,
Wyoming,463,51,9,11,1.9,
Alabama,4074,770,83,18.9,2,1989
Alaska,488,51,8,10.5,1.5,
Arizona,3556,502,66,14.1,1.9,
Arkansas,2419,442,48,18.3,2,
California,29346,3772,197,12.9,0.7,
Colorado,3258,393,59,12.1,1.8,
Connecticut,3136,90,32,2.9,1,
Delaware,676,68,12,10,1.7,
D.C.,569,102,14,18,2.4,
Florida,12762,1590,109,12.5,0.9,
Georgia,6197,929,116,15,1.9,
Hawaii,1086,122,19,11.3,1.8,
Idaho,1014,126,17,12.4,1.6,
Illinois,11559,1470,107,12.7,0.9,
Indiana,5453,749,102,13.7,1.9,
Iowa,2835,291,43,10.3,1.5,
Kansas,2434,262,38,10.8,1.6,
Kentucky,3576,576,70,16.1,2,
Louisiana,4080,950,95,23.3,2.3,
Maine,1233,128,20,10.4,1.6,
Maryland,4567,411,74,9,1.6,
Massachusetts,5831,513,47,8.8,0.8,
Michigan,9297,1228,86,13.2,0.9,
Minnesota,4268,478,73,11.2,1.7,
Mississippi,2574,566,53,22,2,
Missouri,5193,654,92,12.6,1.8,
Montana,816,127,15,15.6,1.8,
Nebraska,1602,204,26,12.8,1.6,
Nevada,1127,121,19,10.8,1.7,
New Hampshire,1100,84,17,7.7,1.6,
New Jersey,7623,622,58,8.2,0.8,
New Mexico,1519,297,31,19.5,2,
New York,17938,2254,122,12.6,0.7,
North Carolina,6301,770,56,12.2,0.9,
North Dakota,642,79,10,12.2,1.6,
Ohio,10754,1143,90,10.6,0.8,
Oklahoma,3126,460,57,14.7,1.8,
Oregon,2915,327,51,11.2,1.8,
Pennsylvania,12141,1261,98,10.4,0.8,
Rhode Island,963,64,14,6.7,1.5,
South Carolina,3446,585,61,17,1.8,
South Dakota,696,92,11,13.2,1.6,
Tennessee,4833,891,94,18.4,1.9,
Texas,16886,2880,169,17.1,1,
Utah,1683,138,24,8.2,1.4,
Vermont,556,44,9,8,1.6,
Virginia,6159,671,89,10.9,1.4,
Washington,4729,455,73,9.6,1.6,
West Virginia,1799,283,34,15.7,1.9,
Wisconsin,4694,393,65,8.4,1.4,
Wyoming,462,50,9,10.9,1.9,
Alabama,4015,775,83,19.3,2.1,1988
Alaska,480,53,8,11,1.7,
Arizona,3491,491,65,14.1,1.9,
Arkansas,2446,527,51,21.6,2.1,
California,27855,3687,249,13.2,0.9,
Colorado,3237,405,60,12.5,1.9,
Connecticut,3199,128,37,4,1.2,
Delaware,659,57,10,8.6,1.6,
D.C.,579,88,12,15.2,2.1,
Florida,12497,1704,107,13.6,0.9,
Georgia,6230,875,108,14,1.7,
Hawaii,1051,117,18,11.1,1.7,
Idaho,991,124,17,12.5,1.7,
Illinois,11344,1436,106,12.7,0.9,
Indiana,5530,560,90,10.1,1.6,
Iowa,2814,263,41,9.4,1.5,
Kansas,2399,195,34,8.1,1.4,
Kentucky,3605,634,74,17.6,2,
Louisiana,4249,968,98,22.8,2.3,
Maine,1201,159,21,13.2,1.8,
Maryland,4650,457,77,9.8,1.7,
Massachusetts,5861,497,46,8.5,0.8,
Michigan,9223,1112,83,12.1,0.9,
Minnesota,4421,514,74,11.6,1.7,
Mississippi,2588,704,58,27.2,2.2,
Missouri,5201,662,93,12.7,1.8,
Montana,795,116,14,14.6,1.8,
Nebraska,1600,164,24,10.3,1.5,
Nevada,1084,93,17,8.6,1.6,
New Hampshire,1089,73,16,6.7,1.4,
New Jersey,7628,475,50,6.2,0.7,
New Mexico,1495,343,31,23,2.1,
New York,17635,2369,157,13.4,0.9,
North Carolina,6312,796,57,12.6,0.9,
North Dakota,654,76,10,11.6,1.6,
Ohio,10903,1356,96,12.4,0.9,
Oklahoma,3146,543,62,17.3,2,
Oregon,2727,285,48,10.4,1.8,
Pennsylvania,12120,1246,98,10.3,0.8,
Rhode Island,1008,99,17,9.8,1.7,
South Carolina,3405,528,58,15.5,1.7,
South Dakota,707,101,11,14.2,1.6,
Tennessee,4901,883,95,18,1.9,
Texas,16686,3006,172,18,1,
Utah,1662,162,25,9.8,1.5,
Vermont,532,43,8,8.1,1.6,
Virginia,5970,647,87,10.8,1.5,
Washington,4625,402,69,8.7,1.5,
West Virginia,1880,337,37,17.9,2,
Wisconsin,4696,364,63,7.8,1.3,
Wyoming,454,43,8,9.6,1.8,
Alabama,3989,851,86,21.3,2.2,1987
Alaska,499,60,8,12,1.7,
Arizona,3459,444,62,12.8,1.8,
Arkansas,2468,537,51,21.8,2.1,
California,27877,3443,188,12.3,0.7,
Colorado,3184,398,60,12.5,1.9,
Connecticut,3127,207,42,6.6,1.4,
Delaware,637,42,9,6.6,1.4,
D.C.,587,88,12,14.9,2.1,
Florida,12262,1523,102,12.4,0.8,
Georgia,6049,883,108,14.6,1.8,
Hawaii,1086,95,16,8.8,1.5,
Idaho,991,150,18,15.1,1.8,
Illinois,11503,1655,112,14.4,1,
Indiana,5398,597,78,11.1,1.4,
Iowa,2892,419,51,14.5,1.8,
Kansas,2435,225,36,9.2,1.5,
Kentucky,3666,634,74,17.3,2,
Louisiana,4268,1071,102,25.1,2.4,
Maine,1144,134,20,11.7,1.7,
Maryland,4558,420,62,9.2,1.4,
Massachusetts,5845,477,45,8.2,0.8,
Michigan,8973,1095,82,12.2,0.9,
Minnesota,4294,484,72,11.3,1.7,
Mississippi,2553,637,56,25,2.2,
Missouri,5100,716,85,14,1.7,
Montana,798,144,16,18,2,
Nebraska,1610,191,26,11.9,1.6,
Nevada,1026,107,18,10.4,1.8,
New Hampshire,1054,51,13,4.8,1.2,
New Jersey,7503,626,58,8.3,0.8,
New Mexico,1443,280,29,19.4,2,
New York,17470,2506,128,14.3,0.7,
North Carolina,6183,853,59,13.8,0.9,
North Dakota,655,75,10,11.4,1.6,
Ohio,10799,1375,97,12.7,0.9,
Oklahoma,3209,547,61,17,1.9,
Oregon,2709,384,55,14.2,2,
Pennsylvania,11770,1249,98,10.6,0.8,
Rhode Island,974,79,15,8.1,1.6,
South Carolina,3274,512,57,15.6,1.8,
South Dakota,714,109,12,15.2,1.7,
Tennessee,4679,792,91,16.9,1.9,
Texas,16607,2917,170,17.6,1,
Utah,1689,173,26,10.2,1.5,
Vermont,534,50,9,9.3,1.7,
Virginia,5871,583,83,9.9,1.4,
Washington,4489,450,73,10,1.6,
West Virginia,1889,408,40,21.6,2.1,
Wisconsin,4738,428,67,9,1.4,
Wyoming,451,49,9,10.8,1.9,
Alabama,4025,959,87,23.8,2.2,1986
Alaska,517,59,8,11.4,1.5,
Arizona,3386,484,63,14.3,1.9,
Arkansas,2342,499,48,21.3,2.1,
California,27082,3453,184,12.7,0.7,
Colorado,3157,426,59,13.5,1.9,
Connecticut,3125,186,43,6,1.4,
Delaware,639,79,12,12.4,1.9,
D.C.,602,77,12,12.8,2,
Florida,11779,1342,98,11.4,0.8,
Georgia,6023,879,110,14.6,1.8,
Hawaii,1024,109,18,10.7,1.7,
Idaho,973,180,19,18.5,1.9,
Illinois,11445,1517,105,13.3,0.9,
Indiana,5312,674,95,12.7,1.8,
Iowa,2907,376,47,12.9,1.6,
Kansas,2433,269,38,11.1,1.5,
Kentucky,3560,630,70,17.7,2,
Louisiana,4338,953,93,22,2.1,
Maine,1127,115,19,10.2,1.6,
Maryland,4504,414,72,9.2,1.6,
Massachusetts,5846,538,46,9.2,0.8,
Michigan,9112,1267,84,13.9,0.9,
Minnesota,4131,517,73,12.5,1.8,
Mississippi,2610,695,55,26.6,2.1,
Missouri,4998,722,93,14.4,1.9,
Montana,823,136,15,16.5,1.8,
Nebraska,1617,220,26,13.6,1.6,
Nevada,1010,82,16,8.1,1.5,
New Hampshire,1002,37,11,3.7,1.1,
New Jersey,7624,679,58,8.9,1.1,
New Mexico,1434,306,30,21.3,2.1,
New York,17585,2322,120,13.2,0.7,
North Carolina,6178,884,58,14.3,0.9,
North Dakota,651,88,10,13.5,1.6,
Ohio,10703,1372,94,12.8,0.9,
Oklahoma,3184,469,56,14.7,1.8,
Oregon,2702,332,50,12.3,1.8,
Pennsylvania,11782,1190,93,10.1,0.8,
Rhode Island,953,87,16,9.1,1.7,
South Carolina,3288,569,59,17.3,1.8,
South Dakota,697,118,12,17,1.7,
Tennessee,4650,853,90,18.3,1.9,
Texas,16371,2825,163,17.3,1,
Utah,1659,209,27,12.6,1.7,
Vermont,529,58,10,11,1.8,
Virginia,5624,547,79,9.7,1.4,
Washington,4369,563,78,12.9,1.8,
West Virginia,1927,432,39,22.4,2.1,
Wisconsin,4697,501,70,10.7,1.5,
Wyoming,496,73,10,14.6,2,
Alabama,3981,821,82,20.6,2.1,1985
Alaska,510,45,7,8.7,1.4,
Arizona,3227,345,54,10.7,1.7,
Arkansas,2364,541,50,22.9,2.1,
California,26456,3596,188,13.6,0.7,
Colorado,3176,324,53,10.2,1.7,
Connecticut,3111,237,49,7.6,1.6,
Delaware,624,71,11,11.4,1.8,
D.C.,603,123,14,20.4,2.4,
Florida,11537,1551,105,13.4,0.9,
Georgia,5867,1037,118,17.7,2,
Hawaii,1018,109,18,10.7,1.7,
Idaho,996,159,18,16,1.8,
Illinois,11743,1830,113,15.6,1,
Indiana,5302,639,93,12,1.7,
Iowa,2815,505,53,17.9,1.9,
Kansas,2395,331,41,13.8,1.7,
Kentucky,3650,708,74,19.4,2,
Louisiana,4322,781,86,18.1,2,
Maine,1129,134,20,11.9,1.8,
Maryland,4209,364,68,8.7,1.6,
Massachusetts,5899,544,47,9.2,0.8,
Michigan,9051,1308,86,14.5,0.9,
Minnesota,4146,523,73,12.6,1.8,
Mississippi,2564,644,53,25.1,2.1,
Missouri,5011,689,91,13.7,1.8,
Montana,835,134,15,16,1.7,
Nebraska,1589,235,27,14.8,1.7,
Nevada,968,139,20,14.4,2,
New Hampshire,988,59,14,6,1.5,
New Jersey,7608,631,56,8.3,0.7,
New Mexico,1447,267,28,18.5,2,
New York,17668,2796,130,15.8,0.7,
North Carolina,6073,863,57,14.2,0.9,
North Dakota,681,108,11,15.9,1.7,
Ohio,10629,1359,94,12.8,0.9,
Oklahoma,3280,526,59,16,1.8,
Oregon,2671,317,49,11.9,1.8,
Pennsylvania,11554,1217,94,10.5,0.8,
Rhode Island,933,84,15,9,1.7,
South Carolina,3219,489,55,15.2,1.7,
South Dakota,689,119,12,17.3,1.7,
Tennessee,4619,837,89,18.1,1.9,
Texas,16231,2582,157,15.9,1,
Utah,1652,180,26,10.9,1.6,
Vermont,524,48,9,9.2,1.7,
Virginia,5567,558,79,10,1.4,
Washington,4371,526,76,12,1.7,
West Virginia,1894,423,39,22.3,2.1,
Wisconsin,4693,544,73,11.6,1.6,
Wyoming,506,61,9,12,1.8,
Alabama,3875,738,76,19.1,1.8,1984
Alaska,507,49,20,9.6,3.7,
Arizona,3133,569,67,18.2,1.9,
Arkansas,2364,564,67,23.9,2.5,
California,25596,3375,163,13.2,0.6,
Colorado,3067,274,47,8.9,1.5,
Connecticut,3152,218,42,6.9,1.3,
Delaware,611,63,22,10.3,3.5,
D.C.,607,128,32,21.1,4.7,
Florida,11194,1693,116,15.1,1,
Georgia,5822,981,88,16.9,1.4,
Hawaii,997,92,27,9.3,2.6,
Idaho,992,171,37,17.3,3.4,
Illinois,11649,1753,118,15,0.9,
Indiana,5419,697,74,12.9,1.3,
Iowa,2876,419,58,14.6,1.9,
Kansas,2420,260,45,10.7,1.8,
Kentucky,3721,709,75,19.1,1.8,
Louisiana,4304,888,84,20.6,1.7,
Maine,1167,152,35,13,2.8,
Maryland,4106,358,53,8.7,1.2,
Massachusetts,5845,519,64,8.9,1,
Michigan,8962,1495,109,16.7,1.1,
Minnesota,4164,381,55,9.1,1.3,
Mississippi,2504,628,71,25.1,2.4,
Missouri,4958,720,76,14.5,1.4,
Montana,836,115,30,13.8,3.4,
Nebraska,1608,213,41,13.3,2.4,
Nevada,962,101,28,10.5,2.8,
New Hampshire,958,68,23,7.1,2.3,
New Jersey,7511,758,78,10.1,1,
New Mexico,1437,280,47,19.5,2.9,
New York,17560,2806,149,16,0.8,
North Carolina,5900,860,83,14.6,1.3,
North Dakota,683,106,29,15.4,3.9,
Ohio,10619,1429,106,13.5,0.9,
Oklahoma,3200,426,58,13.3,1.7,
Oregon,2593,331,51,12.8,1.8,
Pennsylvania,11722,1825,120,15.6,0.9,
Rhode Island,946,121,31,12.8,3.1,
South Carolina,3258,561,67,17.2,1.9,
South Dakota,691,100,28,14.5,3.8,
Tennessee,4603,800,80,17.4,1.6,
Texas,15639,2448,139,15.7,0.8,
Utah,1647,183,38,11.1,2.2,
Vermont,514,65,23,12.6,4.1,
Virginia,5563,554,66,10,1.1,
Washington,4242,479,62,11.3,1.4,
West Virginia,1922,392,56,20.4,2.6,
Wisconsin,4698,730,76,15.5,1.5,
Wyoming,488,53,21,10.9,4,
Alabama,3950,909,89,23,1.98,1983
Alaska,486,61,8,12.6,1.49,
Arizona,2875,469,61,16.3,1.95,
Arkansas,2283,492,56,21.5,2.16,
California,25169,3755,194,14.9,0.71,
Colorado,3083,390,55,12.6,1.67,
Connecticut,3149,276,50,8.8,1.51,
Delaware,602,52,10,8.6,1.6,
D.C.,604,130,17,21.5,2.49,
Florida,10850,1595,133,14.7,1.13,
Georgia,5581,1050,107,18.8,1.73,
Hawaii,998,129,19,12.9,1.79,
Idaho,980,174,22,17.7,2.02,
Illinois,11345,1617,132,14.3,1.08,
Indiana,5382,865,91,16.1,1.55,
Iowa,2828,473,61,16.7,1.96,
Kansas,2369,321,48,13.6,1.89,
Kentucky,3752,670,85,17.9,2.05,
Louisiana,4360,939,90,21.5,1.84,
Maine,1157,144,22,12.4,1.76,
Maryland,4112,358,58,8.7,1.36,
Massachusetts,5731,443,59,7.7,0.99,
Michigan,9056,1518,124,16.8,1.25,
Minnesota,4138,502,72,12.1,1.63,
Mississippi,2481,669,64,27,2.21,
Missouri,4837,807,90,16.7,1.71,
Montana,810,125,17,15.4,1.93,
Nebraska,1577,240,33,15.2,1.94,
Nevada,885,86,16,9.7,1.73,
New Hampshire,938,76,15,8.1,1.57,
New Jersey,7451,828,89,11.1,1.13,
New Mexico,1385,340,36,24.5,2.23,
New York,17576,2817,165,16,0.86,
North Carolina,5890,933,102,15.8,1.59,
North Dakota,685,103,14,15,1.91,
Ohio,10681,1434,121,13.4,1.05,
Oklahoma,3259,553,65,17,1.83,
Oregon,2597,419,58,16.1,2.03,
Pennsylvania,11640,1797,135,15.4,1.07,
Rhode Island,971,141,21,14.5,2.02,
South Carolina,3295,687,75,20.8,2.03,
South Dakota,689,127,15,18.4,2.02,
Tennessee,4663,933,101,20,1.94,
Texas,15587,2499,172,16,1.01,
Utah,1591,214,29,13.5,1.71,
Vermont,531,83,12,15.6,2.05,
Virginia,5448,618,94,11.3,1.62,
Washington,4274,460,73,10.8,1.61,
West Virginia,1898,419,45,22.1,2.11,
Wisconsin,4736,504,80,10.7,1.61,
Wyoming,486,61,10,12.6,1.9,
Alabama,3937,849,82,21.6,1.8,1982
Alaska,432,46,19,10.6,4.2,
Arizona,2765,408,57,14.8,1.9,
Arkansas,2219,527,65,23.8,2.5,
California,24613,3475,165,14.1,0.6,
Colorado,3064,387,55,12.6,1.7,
Connecticut,3126,254,45,8.1,1.4,
Delaware,611,70,24,11.5,3.6,
D.C.,609,117,31,19.3,4.5,
Florida,10514,1601,112,15.2,1,
Georgia,5472,1074,92,19.6,1.5,
Hawaii,997,132,32,13.2,3,
Idaho,967,151,35,15.6,3.3,
Illinois,11284,1512,109,13.4,0.9,
Indiana,5415,683,74,12.6,1.3,
Iowa,2770,371,54,13.4,1.8,
Kansas,2365,247,44,10.4,1.8,
Kentucky,3618,587,68,16.2,1.7,
Louisiana,4299,976,88,22.7,1.8,
Maine,1133,156,35,13.7,2.9,
Maryland,4190,516,64,12.3,1.4,
Massachusetts,5748,590,68,10.3,1.1,
Michigan,9117,1481,108,16.2,1.1,
Minnesota,4120,546,66,13.3,1.5,
Mississippi,2454,562,67,22.9,2.4,
Missouri,4798,699,74,14.6,1.4,
Montana,793,134,33,17,3.8,
Nebraska,1582,216,41,13.6,2.4,
Nevada,897,70,24,7.8,2.5,
New Hampshire,943,97,28,10.3,2.8,
New Jersey,7367,896,84,12.2,1.1,
New Mexico,1355,303,49,22.4,3.2,
New York,17656,2607,143,14.8,0.8,
North Carolina,5928,1201,97,20.3,1.5,
North Dakota,658,85,26,12.9,3.7,
Ohio,10711,1366,104,12.8,0.9,
Oklahoma,3111,478,62,15.4,1.8,
Oregon,2557,354,53,13.9,1.9,
Pennsylvania,11619,1572,111,13.5,0.9,
Rhode Island,942,125,32,13.3,3.1,
South Carolina,3301,701,75,21.2,2,
South Dakota,677,114,30,16.8,4,
Tennessee,4679,1106,94,23.6,1.8,
Texas,15153,2450,139,16.2,0.8,
Utah,1575,229,43,14.5,2.5,
Vermont,519,67,23,12.9,4.2,
Virginia,5329,668,73,12.5,1.3,
Washington,4259,549,66,12.9,1.4,
West Virginia,1951,484,62,24.8,2.8,
Wisconsin,4733,452,60,9.5,1.2,
Wyoming,481,58,21,12,4.2,
Alabama,3878,935,86,24.1,1.9,1981
Alaska,403,36,17,9,4,
Arizona,2751,323,51,11.7,1.7,
Arkansas,2247,541,65,24.1,2.5,
California,24112,3216,159,13.3,0.6,
Colorado,2958,285,48,9.6,1.5,
Connecticut,3084,254,45,8.2,1.4,
Delaware,587,72,24,12.3,3.8,
D.C.,612,111,30,18.1,4.4,
Florida,10277,1704,116,16.6,1,
Georgia,5415,881,84,16.3,1.4,
Hawaii,953,108,29,11.3,2.9,
Idaho,962,171,37,17.7,3.5,
Illinois,11338,1371,104,12.1,0.9,
Indiana,5431,685,74,12.6,1.3,
Iowa,2815,368,54,13.1,1.8,
Kansas,2282,267,46,11.7,1.9,
Kentucky,3668,708,75,19.3,1.8,
Louisiana,4262,938,86,22,1.8,
Maine,1116,179,38,16,3.1,
Maryland,4123,442,59,10.7,1.4,
Massachusetts,5804,518,64,8.9,1.1,
Michigan,9096,1184,97,13,1,
Minnesota,4034,438,59,10.9,1.4,
Mississippi,2408,618,70,25.7,2.5,
Missouri,4814,634,71,13.2,1.4,
Montana,813,107,29,13.1,3.3,
Nebraska,1579,221,42,14,2.5,
Nevada,884,93,27,10.5,2.9,
New Hampshire,929,70,24,7.6,2.4,
New Jersey,7331,736,76,10,1,
New Mexico,1303,243,44,18.6,3,
New York,17471,2516,141,14.4,0.7,
North Carolina,5820,1016,90,17.5,1.4,
North Dakota,626,89,27,14.2,3.9,
Ohio,10751,1369,104,12.7,0.9,
Oklahoma,2985,413,57,13.8,1.8,
Oregon,2693,331,51,12.3,1.8,
Pennsylvania,11738,1367,104,11.6,0.8,
Rhode Island,936,109,29,11.7,3,
South Carolina,3347,615,70,18.4,1.9,
South Dakota,675,132,32,19.5,4.3,
Tennessee,4502,943,86,20.9,1.7,
Texas,14641,2258,133,15.4,0.8,
Utah,1516,185,38,12.2,2.4,
Vermont,535,66,23,12.3,4,
Virginia,5257,662,72,12.6,1.3,
Washington,4168,471,61,11.3,1.4,
West Virginia,2003,398,56,19.9,2.5,
Wisconsin,4741,384,55,8.1,1.1,
Wyoming,482,43,18,8.9,3.7,
Alabama,3831,810,80,21.2,1.9,1980
Alaska,379,36,17,9.6,4.3,
Arizona,2774,354,53,12.8,1.8,
Arkansas,2249,484,62,21.5,2.4,
California,23748,2619,144,11,0.6,
Colorado,2869,247,44,8.6,1.5,
Connecticut,3090,255,45,8.3,1.4,
Delaware,578,68,23,11.8,3.8,
D.C.,626,131,32,20.9,4.6,
Florida,10100,1692,116,16.7,1,
Georgia,5243,727,76,13.9,1.3,
Hawaii,954,81,25,8.5,2.5,
Idaho,934,138,33,14.7,3.3,
Illinois,11259,1386,105,12.3,0.9,
Indiana,5490,645,72,11.8,1.2,
Iowa,2868,311,50,10.8,1.6,
Kansas,2286,215,41,9.4,1.7,
Kentucky,3641,701,75,19.3,1.8,
Louisiana,4273,868,83,20.3,1.7,
Maine,1077,158,35,14.6,3,
Maryland,4104,389,56,9.5,1.3,
Massachusetts,5725,542,66,9.5,1.1,
Michigan,9227,1194,97,12.9,1,
Minnesota,3920,342,52,8.7,1.3,
Mississippi,2429,591,68,24.3,2.5,
Missouri,4800,625,70,13,1.4,
Montana,774,102,29,13.2,3.4,
Nebraska,1532,199,40,13,2.4,
Nevada,840,70,24,8.3,2.7,
New Hampshire,907,63,22,7,2.4,
New Jersey,7316,659,72,9,0.9,
New Mexico,1304,268,46,20.6,3.2,
New York,17321,2391,137,13.8,0.7,
North Carolina,5836,877,83,15,1.3,
North Dakota,640,99,28,15.5,4,
Ohio,10630,1046,91,9.8,0.8,
Oklahoma,2916,406,57,13.9,1.8,
Oregon,2684,309,50,11.5,1.7,
Pennsylvania,11665,1142,95,9.8,0.8,
Rhode Island,911,97,28,10.7,2.9,
South Carolina,3174,534,65,16.8,1.9,
South Dakota,677,127,32,18.8,4.2,
Tennessee,4519,884,84,19.6,1.7,
Texas,14326,2247,133,15.7,0.9,
Utah,1488,148,34,10,2.2,
Vermont,520,62,22,12,4,
Virginia,5204,647,72,12.4,1.3,
Washington,4223,538,65,12.7,1.4,
West Virginia,1952,297,49,15.2,2.3,
Wisconsin,4724,403,57,8.5,1.1,
Wyoming,468,49,20,10.4,4,
,,,,,,
,,,,,,
,,,,,,
,,,,,,
,,,,,,
,,,,,,
,,,,,,
,,,,,,
,,,,,,
,,,,,,
,,,,,,
,,,,,,
,,,,,,
,,,,,,
,,,,,,
,,,,,,
,,,,,,
,,,,,,
,,,,,,
,,,,,,
,,,,,,
,,,,,,
,,,,,,
,,,,,,
,,,,,,
,,,,,,
,,,,,,
,,,,,,
,,,,,,
,,,,,,
,,,,,,
,,,,,,
,,,,,,
,,,,,,
,,,,,,
,,,,,,
,,,,,,
,,,,,,
,,,,,,
,,,,,,
,,,,,,
,,,,,,
,,,,,,
,,,,,,
,,,,,,
,,,,,,
,,,,,,
,,,,,,
,,,,,,
,,,,,,
,,,,,,
,,,,,,
,,,,,,
,,,,,,
,,,,,,
,,,,,,
,,,,,,
,,,,,,
,,,,,,
,,,,,,
,,,,,,
,,,,,,
,,,,,,
,,,,,,
,,,,,,
,,,,,,
,,,,,,
,,,,,,
,,,,,,
,,,,,,
,,,,,,
,,,,,,
,,,,,,
,,,,,,
,,,,,,
,,,,,,
,,,,,,
,,,,,,
,,,,,,
,,,,,,
,,,,,,
,,,,,,
,,,,,,
,,,,,,
,,,,,,
,,,,,,
,,,,,,
,,,,,,
